,sub_problem,sub_fval,solution,qaoa_time
0,"[1345, 1409, 1297, 1012, 91, 1792, 418]",0.24278618450167735,[0. 1. 1. 0. 0. 1. 0.],0.6719474792480469
1,"[347, 1664, 1104, 8, 249, 1200, 1605]",0.24216932644546754,[0. 0. 0. 0. 1. 0. 1.],0.5951964855194092
2,"[38, 1385, 801, 668, 602, 487, 1491]",0.24143672020859233,[0. 0. 1. 0. 0. 0. 0.],0.6028931140899658
3,"[179, 1014, 463, 1555, 1862, 788, 577]",0.24044385446449806,[0. 0. 0. 1. 0. 1. 0.],0.5986490249633789
4,"[1081, 266, 946, 881, 1703, 139, 337]",0.2396939189070858,[1. 0. 0. 0. 0. 1. 0.],0.5944874286651611
5,"[1593, 1395, 1530, 592, 1668, 1716, 1049]",0.23881111387779555,[0. 0. 1. 1. 1. 1. 0.],0.5937151908874512
6,"[122, 1834, 506, 943, 1448, 1400, 1819]",0.2383694427053224,[1. 1. 0. 0. 0. 1. 0.],0.8052945137023926
7,"[1158, 1173, 1517, 1032, 236, 1651, 982]",0.2382632884181087,[0. 1. 0. 0. 0. 1. 1.],0.7559959888458252
8,"[1510, 1003, 1206, 926, 1234, 1807, 1920]",0.23758544321555145,[0. 0. 0. 1. 0. 0. 0.],0.751215934753418
9,"[1322, 130, 110, 1660, 522, 1446, 1739]",0.23592875869190305,[0. 0. 0. 1. 1. 1. 1.],0.7340550422668457
10,"[1256, 1171, 321, 752, 999, 711, 986]",0.23570164150186618,[1. 0. 0. 0. 0. 1. 0.],0.7224898338317871
11,"[373, 1821, 1332, 99, 306, 1495, 1499]",0.23508653031858914,[0. 1. 0. 0. 0. 1. 1.],0.7069642543792725
12,"[205, 1119, 666, 517, 1810, 1182, 1209]",0.2345327355864156,[1. 0. 0. 0. 0. 1. 0.],0.7099251747131348
13,"[1463, 313, 1344, 649, 1613, 1388, 809]",0.23431986133627744,[1. 0. 0. 0. 0. 1. 1.],0.7097933292388916
14,"[961, 1906, 1626, 1197, 1467, 1905, 1445]",0.2337455632926818,[0. 1. 0. 0. 0. 0. 1.],0.7171492576599121
15,"[1706, 900, 21, 1791, 1411, 1124, 1487]",0.23342259202109725,[0. 0. 1. 1. 0. 0. 0.],0.7092254161834717
16,"[1031, 1899, 730, 25, 675, 1183, 1486]",0.23297343568792464,[0. 0. 1. 0. 1. 0. 0.],0.7041003704071045
17,"[584, 84, 1424, 1748, 369, 1630, 511]",0.23227595366972492,[0. 1. 0. 0. 0. 1. 0.],0.7059078216552734
18,"[667, 83, 1484, 1094, 1142, 138, 223]",0.23121280688585352,[0. 0. 0. 1. 1. 1. 0.],0.7093205451965332
19,"[1310, 767, 661, 1071, 93, 317, 1262]",0.23027996347999827,[0. 0. 0. 1. 0. 0. 0.],0.7856674194335938
20,"[1795, 1498, 77, 498, 1841, 931, 614]",0.22931741511970716,[0. 0. 0. 0. 0. 1. 1.],0.705756664276123
21,"[410, 642, 1629, 1832, 772, 289, 1890]",0.2288408466214431,[0. 1. 0. 1. 0. 1. 1.],0.7152986526489258
22,"[794, 1185, 376, 1571, 118, 646, 0]",0.228241399494787,[0. 1. 0. 1. 1. 0. 0.],0.7143130302429199
23,"[1001, 1053, 1472, 687, 1120, 1756, 800]",0.22715181359282421,[0. 1. 0. 1. 0. 0. 0.],0.7095630168914795
24,"[129, 1362, 906, 847, 1754, 134, 1549]",0.22542833276609514,[0. 1. 0. 1. 0. 1. 0.],0.7123236656188965
25,"[1455, 1814, 1118, 990, 1126, 962, 884]",0.2246204184041979,[0. 0. 0. 1. 1. 1. 1.],0.7111167907714844
26,"[1165, 227, 354, 268, 414, 660, 275]",0.223630819496263,[1. 0. 1. 1. 0. 0. 1.],0.7117831707000732
27,"[254, 1421, 1813, 1347, 776, 433, 538]",0.22305963889186217,[0. 1. 0. 0. 0. 0. 1.],0.7128293514251709
28,"[774, 1794, 863, 170, 934, 1755, 1797]",0.22282785954761136,[1. 0. 0. 0. 0. 1. 0.],0.7017672061920166
29,"[1373, 1477, 1454, 457, 762, 1219, 1276]",0.22249110901391825,[1. 1. 0. 0. 0. 1. 0.],0.7131731510162354
30,"[1858, 923, 630, 1774, 804, 1576, 797]",0.22150103598957063,[0. 0. 0. 0. 0. 0. 0.],0.7090067863464355
31,"[625, 1804, 1722, 1830, 1134, 959, 544]",0.22066617854173887,[1. 1. 1. 1. 0. 1. 1.],0.7168776988983154
32,"[1745, 868, 284, 142, 918, 27, 1770]",0.2198635895606776,[1. 0. 1. 0. 0. 0. 0.],0.7977705001831055
33,"[454, 1559, 629, 264, 704, 1741, 431]",0.21845852175567412,[1. 1. 0. 0. 0. 1. 1.],0.7065091133117676
34,"[1105, 1270, 1389, 1625, 4, 595, 1519]",0.21636841364810258,[1. 1. 0. 0. 0. 1. 1.],0.7075467109680176
35,"[1598, 206, 145, 696, 1253, 818, 574]",0.21578505465739642,[0. 0. 1. 1. 1. 1. 0.],0.7086055278778076
36,"[965, 1082, 1725, 1575, 1803, 677, 1462]",0.21447859198283878,[1. 0. 0. 0. 0. 1. 0.],0.7081253528594971
37,"[819, 217, 935, 422, 1247, 608, 1870]",0.21327718183388863,[0. 0. 1. 1. 1. 1. 0.],0.707705020904541
38,"[850, 440, 174, 1546, 1887, 784, 1023]",0.2127236549822454,[0. 0. 1. 0. 0. 1. 1.],0.7111082077026367
39,"[1423, 1441, 757, 1809, 1050, 1861, 1681]",0.2126227848795241,[0. 0. 1. 0. 0. 0. 0.],0.7095627784729004
40,"[355, 1046, 85, 737, 388, 1604, 65]",0.21173587889536635,[0. 1. 0. 0. 1. 1. 0.],0.7183554172515869
41,"[1004, 1096, 849, 836, 1786, 1143, 1482]",0.21108235642431317,[0. 0. 0. 0. 0. 0. 0.],0.7033922672271729
42,"[647, 42, 1891, 1227, 1075, 437, 1817]",0.2097105510919034,[1. 0. 0. 0. 1. 0. 1.],0.7128112316131592
43,"[1538, 695, 402, 73, 417, 1533, 621]",0.20947663506549682,[0. 1. 0. 1. 0. 0. 1.],0.711967945098877
44,"[1828, 191, 192, 548, 183, 537, 1688]",0.20916812713190422,[1. 1. 0. 1. 0. 1. 1.],0.711968183517456
45,"[1, 1095, 745, 872, 115, 792, 1489]",0.20810828987114452,[1. 1. 1. 1. 0. 0. 0.],0.7983636856079102
46,"[1582, 302, 1208, 483, 351, 741, 1374]",0.2073456536601741,[1. 1. 1. 0. 1. 0. 0.],0.7092568874359131
47,"[1882, 146, 536, 1341, 889, 1063, 854]",0.20650421538289146,[1. 1. 0. 1. 1. 0. 0.],0.7111709117889404
48,"[102, 1438, 956, 1267, 494, 1796, 1110]",0.2059967515514038,[1. 0. 0. 0. 0. 1. 1.],0.7126283645629883
49,"[858, 1824, 449, 1620, 1670, 1266, 409]",0.20553636025627742,[0. 0. 0. 1. 1. 1. 0.],0.7092723846435547
50,"[1129, 1061, 1106, 428, 97, 591, 1616]",0.20493405637236747,[0. 0. 1. 0. 0. 0. 0.],0.7081139087677002
51,"[1101, 980, 1603, 95, 1921, 1030, 783]",0.20406848479914547,[1. 0. 1. 0. 0. 0. 0.],0.7089674472808838
52,"[571, 1286, 158, 1614, 1447, 1585, 1107]",0.20322703174653609,[0. 0. 1. 0. 0. 0. 0.],0.7086286544799805
53,"[20, 588, 933, 1469, 1291, 62, 1581]",0.2029215933646749,[0. 1. 0. 1. 0. 0. 0.],0.7089293003082275
54,"[243, 888, 631, 1671, 565, 582, 101]",0.20219362190467324,[0. 0. 0. 0. 0. 1. 0.],0.7108633518218994
55,"[1246, 852, 1708, 512, 655, 527, 1356]",0.20143159856022105,[0. 0. 0. 0. 1. 0. 0.],0.711301326751709
56,"[1349, 903, 403, 1131, 257, 57, 1504]",0.20120373542371775,[0. 1. 1. 1. 0. 1. 1.],0.7110447883605957
57,"[231, 1117, 669, 1508, 1868, 1161, 1294]",0.20073453275317552,[1. 1. 1. 0. 0. 1. 0.],0.7184443473815918
58,"[312, 1496, 1728, 1865, 1272, 416, 834]",0.20026079496572544,[1. 0. 0. 1. 1. 0. 0.],0.8004612922668457
59,"[340, 198, 1901, 754, 1022, 1511, 949]",0.19940343946912514,[0. 0. 0. 0. 1. 0. 1.],0.7083578109741211
60,"[370, 742, 1701, 1631, 1303, 1656, 1574]",0.1984115080634543,[1. 1. 1. 0. 0. 1. 1.],0.7097902297973633
61,"[1351, 523, 1225, 1880, 942, 1459, 1044]",0.19790355286100586,[0. 1. 0. 0. 0. 0. 1.],0.7139229774475098
62,"[1548, 361, 1150, 1034, 1635, 89, 1058]",0.1976466630493306,[1. 0. 0. 0. 1. 1. 1.],0.7145330905914307
63,"[1006, 1886, 1041, 1778, 1204, 756, 303]",0.1971009385227922,[0. 0. 0. 1. 0. 0. 0.],0.7104151248931885
64,"[939, 1590, 378, 159, 683, 144, 1606]",0.19700100314720426,[1. 0. 0. 0. 0. 1. 0.],0.7094583511352539
65,"[627, 514, 424, 1252, 1583, 1017, 1772]",0.19556682470475795,[1. 1. 0. 0. 0. 0. 1.],0.7019402980804443
66,"[160, 1436, 1364, 219, 106, 1103, 298]",0.1951194185979797,[1. 1. 0. 0. 0. 0. 0.],0.7088375091552734
67,"[1215, 476, 587, 50, 1336, 123, 910]",0.19456936609111178,[0. 1. 1. 0. 0. 1. 1.],0.7105834484100342
68,"[832, 1913, 1084, 1122, 1130, 12, 899]",0.19403720486933326,[1. 0. 1. 1. 1. 1. 0.],0.7115414142608643
69,"[878, 1889, 234, 1612, 1324, 996, 1055]",0.19377803404723506,[1. 0. 1. 0. 0. 1. 1.],0.7113351821899414
70,"[1083, 377, 1079, 1622, 384, 601, 120]",0.19262807589599326,[0. 1. 0. 1. 1. 0. 0.],0.7104237079620361
71,"[1100, 1222, 407, 430, 1229, 871, 599]",0.19093286164324763,[1. 0. 0. 0. 0. 0. 0.],0.784034252166748
72,"[496, 860, 1319, 23, 48, 1646, 1621]",0.19023038965602596,[0. 0. 0. 0. 0. 0. 1.],0.7091388702392578
73,"[856, 1507, 1002, 166, 79, 600, 1760]",0.18969625826194308,[0. 0. 0. 0. 0. 0. 0.],0.7168135643005371
74,"[1394, 1458, 1339, 1264, 324, 944, 310]",0.1890898975151584,[1. 0. 0. 1. 0. 1. 0.],0.7155599594116211
75,"[694, 1723, 585, 315, 238, 446, 225]",0.1879980707470535,[0. 0. 1. 0. 0. 1. 1.],0.7109780311584473
76,"[1090, 185, 508, 1893, 1145, 1091, 1710]",0.1867165525962271,[0. 0. 0. 0. 1. 0. 1.],0.7128937244415283
77,"[513, 1316, 1685, 799, 480, 40, 685]",0.1860064206104283,[0. 0. 0. 0. 0. 0. 1.],0.7127642631530762
78,"[35, 1093, 299, 1854, 738, 1632, 764]",0.1855337729002356,[0. 0. 0. 0. 0. 0. 0.],0.7116374969482422
79,"[1898, 286, 1776, 193, 380, 383, 770]",0.18455204394302957,[0. 0. 1. 1. 0. 0. 0.],0.7133429050445557
80,"[1611, 928, 1904, 1678, 1065, 1648, 1602]",0.1840074668050563,[1. 0. 0. 0. 0. 0. 1.],0.7099354267120361
81,"[1855, 576, 1327, 1896, 720, 552, 1132]",0.18352351903327233,[1. 1. 0. 0. 0. 1. 1.],0.7095966339111328
82,"[798, 277, 1864, 5, 1718, 509, 1835]",0.18203980177070958,[1. 1. 1. 0. 0. 0. 0.],0.7086739540100098
83,"[1181, 1916, 521, 1179, 516, 1682, 524]",0.18150898949672747,[0. 0. 0. 0. 0. 0. 1.],0.707632303237915
84,"[161, 897, 898, 807, 862, 1426, 1434]",0.18095116552051527,[1. 1. 0. 0. 1. 0. 0.],0.7945201396942139
85,"[1773, 385, 1390, 823, 1790, 56, 1187]",0.1798677127923823,[1. 1. 0. 1. 1. 0. 0.],0.7076146602630615
86,"[1123, 1765, 779, 435, 729, 817, 1009]",0.17896085081650953,[1. 1. 1. 0. 1. 0. 0.],0.7097158432006836
87,"[1618, 787, 864, 1554, 611, 240, 1457]",0.17842059078177033,[1. 0. 0. 0. 0. 1. 0.],0.7111632823944092
88,"[1313, 1592, 953, 791, 201, 1895, 1704]",0.1778124522874676,[0. 1. 0. 0. 0. 0. 0.],0.7123019695281982
89,"[874, 1658, 1700, 325, 806, 162, 1535]",0.17621779637469692,[1. 1. 1. 0. 0. 0. 1.],0.7121701240539551
90,"[1309, 1697, 597, 1782, 1698, 222, 1035]",0.17581603717492517,[1. 1. 1. 0. 1. 0. 1.],0.7271215915679932
91,"[1431, 375, 328, 1506, 924, 707, 1162]",0.1752203859287694,[0. 1. 1. 1. 0. 0. 0.],0.716484546661377
92,"[905, 1066, 1010, 1047, 1427, 1369, 190]",0.1752203859287694,[0. 0. 0. 0. 1. 0. 1.],0.7225699424743652
93,"[1296, 1884, 37, 916, 529, 304, 1641]",0.17482091228979382,[0. 0. 1. 0. 0. 0. 1.],0.7142782211303711
94,"[1493, 1560, 637, 1354, 1353, 526, 1011]",0.17444605335047952,[1. 0. 1. 0. 1. 0. 0.],0.7121977806091309
95,"[140, 239, 1911, 681, 1184, 1430, 1823]",0.1740364000173197,[1. 0. 1. 1. 0. 0. 0.],0.7109534740447998
96,"[554, 46, 1057, 811, 1444, 1532, 1833]",0.17387909218616776,[1. 1. 0. 0. 0. 1. 0.],0.7125279903411865
97,"[1391, 812, 16, 997, 1111, 87, 1062]",0.17256734660026382,[1. 0. 1. 1. 0. 1. 0.],0.7990000247955322
98,"[244, 778, 1380, 803, 1500, 954, 654]",0.17245256184183286,[0. 0. 1. 0. 0. 0. 1.],0.7108733654022217
99,"[1269, 44, 594, 1078, 1713, 1125, 1015]",0.17106673171636938,[0. 1. 1. 0. 1. 0. 0.],0.7111222743988037
100,"[1749, 1831, 579, 260, 1097, 1502, 1295]",0.16997659315730043,[0. 0. 1. 1. 0. 0. 1.],0.7115602493286133
101,"[1393, 374, 127, 1277, 323, 947, 1168]",0.169168125263979,[0. 0. 0. 0. 1. 0. 0.],0.7098002433776855
102,"[556, 1589, 994, 1922, 1039, 703, 500]",0.16817164631351383,[0. 0. 0. 0. 1. 0. 1.],0.7085156440734863
103,"[104, 186, 1346, 1758, 734, 282, 684]",0.16807559235698596,[0. 0. 0. 0. 1. 0. 0.],0.7032828330993652
104,"[581, 968, 643, 1140, 753, 653, 1020]",0.1676694813842859,[1. 0. 0. 0. 1. 1. 0.],0.7231123447418213
105,"[1466, 49, 593, 543, 875, 1759, 1802]",0.16670293364467734,[1. 0. 0. 0. 0. 0. 0.],0.7052590847015381
106,"[1026, 1764, 835, 615, 400, 984, 1570]",0.1663475747245783,[0. 0. 0. 0. 1. 1. 0.],0.7123062610626221
107,"[1547, 51, 650, 1212, 1818, 474, 444]",0.16531273181158146,[0. 0. 0. 0. 0. 0. 0.],0.7141611576080322
108,"[1715, 425, 1257, 81, 199, 674, 623]",0.16445437773528376,[0. 0. 0. 0. 0. 0. 0.],0.7126836776733398
109,"[1038, 1684, 564, 479, 605, 936, 841]",0.16388312997686408,[0. 1. 0. 0. 0. 1. 1.],0.7161026000976562
110,"[814, 98, 1608, 1557, 1497, 793, 1348]",0.1633035361490471,[0. 1. 1. 0. 1. 0. 0.],0.7886855602264404
111,"[572, 1531, 750, 151, 693, 1566, 406]",0.1622635294890787,[0. 0. 1. 0. 1. 0. 0.],0.7145721912384033
112,"[200, 1232, 133, 664, 1540, 987, 1683]",0.16173814647206686,[0. 0. 0. 0. 0. 0. 0.],0.7108137607574463
113,"[458, 452, 515, 700, 1306, 210, 31]",0.16137165678667276,[0. 1. 0. 0. 0. 0. 0.],0.7141861915588379
114,"[1367, 484, 1382, 1278, 1255, 155, 203]",0.16094477923227937,[0. 1. 0. 1. 0. 0. 1.],0.7084126472473145
115,"[1403, 447, 622, 1650, 1825, 535, 1623]",0.1599102965013655,[1. 0. 0. 0. 0. 1. 1.],0.714167594909668
116,"[1852, 727, 1587, 1019, 885, 1282, 578]",0.15900155371085503,[1. 0. 0. 0. 0. 1. 0.],0.7116868495941162
117,"[1900, 909, 1048, 907, 702, 272, 1843]",0.15824625616470814,[0. 0. 0. 1. 0. 1. 0.],0.708794355392456
118,"[1368, 1918, 184, 1643, 1600, 164, 1479]",0.15754320591090495,[0. 0. 0. 1. 0. 1. 0.],0.7135396003723145
119,"[467, 1746, 1233, 1147, 13, 126, 837]",0.157543205910905,[0. 0. 1. 0. 1. 0. 1.],0.71040940284729
120,"[1527, 1109, 330, 356, 679, 434, 950]",0.15588156756321195,[0. 1. 1. 0. 0. 0. 1.],0.7105555534362793
121,"[177, 1399, 1594, 1633, 1193, 154, 561]",0.15538661852379101,[0. 1. 0. 0. 1. 1. 1.],0.7122223377227783
122,"[1289, 208, 1637, 955, 966, 1793, 1775]",0.1551154396260825,[1. 0. 0. 0. 1. 0. 0.],0.7106046676635742
123,"[1515, 735, 1471, 1314, 1164, 182, 1051]",0.15446405628571377,[1. 0. 0. 1. 0. 0. 0.],0.7904915809631348
124,"[1523, 726, 1552, 1636, 153, 1452, 156]",0.1542514947881951,[0. 0. 0. 0. 0. 0. 0.],0.7120075225830078
125,"[181, 228, 274, 988, 606, 212, 1442]",0.15333152896076693,[1. 0. 1. 0. 0. 0. 0.],0.704841136932373
126,"[124, 1302, 670, 628, 1144, 1342, 1863]",0.1523877095701201,[1. 0. 1. 0. 1. 1. 0.],0.7131862640380859
127,"[1223, 1453, 34, 413, 61, 619, 490]",0.151123251562659,[1. 0. 1. 0. 1. 0. 0.],0.7132546901702881
128,"[1836, 1418, 209, 107, 1874, 466, 1610]",0.15040448351535834,[0. 0. 0. 0. 0. 0. 0.],0.709787130355835
129,"[473, 570, 1567, 415, 1163, 495, 1711]",0.1496127561458597,[0. 1. 0. 1. 0. 0. 1.],0.7136311531066895
130,"[30, 648, 1404, 974, 436, 1757, 221]",0.14865229368553753,[0. 0. 0. 0. 0. 1. 1.],0.7114369869232178
131,"[322, 989, 1720, 633, 1514, 736, 518]",0.14832001204876055,[1. 0. 1. 0. 0. 1. 1.],0.705622673034668
132,"[890, 1743, 441, 882, 22, 136, 865]",0.14748260576254604,[0. 0. 0. 0. 0. 0. 1.],0.6472289562225342
133,"[1250, 280, 128, 1254, 1366, 1070, 121]",0.14690155441661704,[1. 0. 0. 0. 1. 0. 1.],0.642653226852417
134,"[567, 1873, 1435, 1238, 1550, 1867, 26]",0.1457606890790254,[0. 0. 1. 1. 0. 0. 0.],0.6327416896820068
135,"[1521, 336, 1788, 471, 229, 443, 1544]",0.1450640602688241,[1. 0. 1. 0. 0. 1. 1.],0.6391303539276123
136,"[421, 1676, 1752, 663, 411, 319, 1170]",0.1450424089522696,[0. 0. 1. 0. 1. 0. 0.],0.7054967880249023
137,"[58, 478, 519, 1699, 320, 626, 1607]",0.14463976645372767,[0. 0. 0. 1. 1. 0. 1.],0.6403777599334717
138,"[1520, 1663, 60, 941, 532, 333, 1384]",0.1439925908613195,[1. 0. 0. 0. 1. 0. 1.],0.6384227275848389
139,"[1089, 920, 728, 318, 1386, 365, 1686]",0.1435977388935124,[1. 0. 0. 1. 1. 0. 0.],0.6292998790740967
140,"[1432, 285, 1662, 1693, 1239, 1860, 657]",0.14257656326848386,[1. 1. 1. 1. 0. 0. 0.],0.63102126121521
141,"[1871, 586, 1541, 462, 922, 1857, 1413]",0.1416742419908736,[1. 0. 1. 0. 1. 0. 0.],0.6422250270843506
142,"[1045, 399, 331, 397, 758, 247, 45]",0.14085551057349083,[0. 1. 0. 0. 1. 1. 0.],0.6356453895568848
143,"[870, 1879, 1667, 248, 743, 1377, 341]",0.14020509130769174,[0. 1. 1. 1. 0. 0. 0.],0.6499404907226562
144,"[1894, 1689, 1037, 1172, 712, 1687, 1085]",0.13954485129031616,[0. 0. 1. 0. 0. 0. 0.],0.6461575031280518
145,"[1195, 1127, 1866, 157, 732, 853, 1645]",0.13880744758888494,[1. 0. 1. 0. 0. 1. 1.],0.6494057178497314
146,"[1837, 1092, 1248, 379, 271, 1763, 678]",0.13759528766731338,[0. 0. 1. 0. 0. 1. 0.],0.6564123630523682
147,"[80, 840, 468, 1284, 967, 1829, 76]",0.13705877082082896,[1. 0. 1. 0. 1. 1. 1.],0.6599011421203613
148,"[960, 17, 1565, 401, 1449, 316, 1288]",0.1360751623041149,[0. 1. 0. 1. 0. 0. 0.],0.672762393951416
149,"[927, 1372, 759, 1732, 1649, 1077, 1378]",0.1357703335880515,[0. 0. 0. 0. 0. 0. 0.],0.7540750503540039
150,"[334, 1251, 1845, 1392, 573, 33, 419]",0.13519494289715378,[0. 0. 1. 0. 1. 1. 0.],0.6777358055114746
151,"[1137, 1080, 1734, 1410, 196, 176, 52]",0.13442733200197038,[0. 0. 0. 0. 0. 0. 0.],0.670647382736206
152,"[590, 489, 119, 844, 74, 1881, 1383]",0.13309771771946372,[1. 0. 1. 0. 0. 0. 0.],0.6811854839324951
153,"[1908, 780, 1800, 1731, 1883, 1888, 782]",0.13229548986033102,[0. 0. 0. 0. 1. 0. 1.],0.6842575073242188
154,"[1428, 1846, 917, 1492, 1733, 70, 1244]",0.1319485815913895,[0. 0. 0. 0. 0. 0. 1.],0.6768171787261963
155,"[722, 765, 36, 1311, 672, 634, 1180]",0.1314534544482987,[1. 0. 0. 1. 0. 0. 0.],0.6890578269958496
156,"[569, 904, 1352, 1769, 676, 1505, 1727]",0.13056236597856288,[0. 0. 0. 0. 1. 0. 1.],0.6875588893890381
157,"[604, 475, 1028, 1476, 855, 1481, 763]",0.1299043440029256,[1. 0. 1. 1. 1. 0. 0.],0.6828343868255615
158,"[501, 294, 187, 131, 1501, 1812, 1350]",0.12941720124479195,[1. 0. 1. 1. 0. 0. 1.],0.6945650577545166
159,"[1042, 1186, 1379, 1365, 557, 1088, 869]",0.1288611542346776,[0. 1. 1. 1. 1. 1. 0.],0.6865534782409668
160,"[287, 859, 665, 1584, 1556, 880, 1191]",0.12801403941090195,[0. 0. 1. 1. 1. 0. 0.],0.6786613464355469
161,"[1355, 1839, 969, 114, 1915, 215, 747]",0.12741990646970433,[0. 1. 0. 0. 0. 1. 0.],0.6766674518585205
162,"[297, 372, 828, 363, 1766, 300, 716]",0.12659763461373666,[1. 1. 0. 0. 1. 0. 0.],0.7329282760620117
163,"[1305, 827, 456, 1747, 224, 971, 109]",0.1260207223129399,[0. 0. 0. 0. 0. 1. 1.],0.6605384349822998
164,"[1568, 1753, 1553, 1128, 815, 830, 893]",0.12533521598377445,[1. 0. 0. 1. 0. 1. 0.],0.6424167156219482
165,"[1677, 1595, 1308, 290, 1572, 617, 15]",0.12466530385201652,[1. 1. 0. 0. 0. 1. 1.],0.6508700847625732
166,"[613, 482, 283, 1490, 1326, 1279, 768]",0.12448988209670088,[0. 0. 0. 0. 0. 0. 0.],0.6435019969940186
167,"[261, 976, 1468, 1167, 1199, 293, 1851]",0.12394907515356447,[0. 1. 0. 0. 1. 1. 1.],0.6381943225860596
168,"[1826, 640, 1213, 255, 1425, 891, 973]",0.12290411471563505,[1. 0. 1. 0. 0. 0. 0.],0.6380259990692139
169,"[975, 708, 459, 656, 1261, 510, 1912]",0.12216101096636947,[0. 0. 0. 0. 0. 0. 1.],0.6445629596710205
170,"[173, 1401, 194, 1876, 472, 1439, 1709]",0.1213865575268298,[0. 1. 0. 0. 1. 1. 1.],0.6460964679718018
171,"[1224, 381, 1627, 1064, 1398, 1052, 1849]",0.12095164782931736,[0. 0. 1. 0. 1. 1. 0.],0.6588153839111328
172,"[152, 822, 1674, 1149, 147, 892, 957]",0.12023145006892444,[1. 0. 0. 0. 0. 0. 1.],0.6629066467285156
173,"[1201, 1578, 1060, 149, 1076, 1619, 391]",0.11968197125196871,[1. 0. 1. 0. 1. 0. 0.],0.6688907146453857
174,"[1301, 18, 1679, 1907, 795, 279, 690]",0.1189617200949638,[0. 0. 0. 1. 0. 0. 0.],0.6665279865264893
175,"[3, 1808, 214, 1098, 547, 288, 618]",0.11820616177641115,[1. 1. 0. 0. 0. 0. 0.],0.7322924137115479
176,"[423, 929, 1068, 112, 796, 713, 1923]",0.11714965107533895,[1. 0. 0. 1. 0. 1. 0.],0.6596798896789551
177,"[913, 233, 108, 1597, 651, 1198, 992]",0.11666126884460509,[0. 0. 1. 1. 0. 0. 1.],0.6565194129943848
178,"[329, 1652, 714, 1877, 387, 1672, 1692]",0.11626487964135727,[1. 0. 0. 1. 0. 0. 1.],0.6740837097167969
179,"[952, 1465, 1816, 269, 1806, 1235, 1260]",0.1155243232838971,[0. 0. 0. 0. 0. 0. 0.],0.6858034133911133
180,"[1844, 258, 566, 1375, 1312, 1412, 848]",0.1149840286569071,[0. 0. 0. 1. 0. 0. 1.],0.6779079437255859
181,"[1451, 1785, 1196, 1456, 831, 1657, 1290]",0.11444124685880058,[1. 0. 1. 1. 1. 1. 0.],0.6815357208251953
182,"[1591, 692, 1025, 1099, 978, 1016, 638]",0.11397694768711032,[1. 1. 0. 1. 1. 1. 0.],0.6852250099182129
183,"[1767, 1242, 1513, 620, 1292, 332, 531]",0.11330570837057438,[0. 0. 0. 0. 1. 0. 0.],0.682194709777832
184,"[1503, 1112, 105, 486, 528, 1281, 1714]",0.1128120655840019,[0. 0. 0. 0. 1. 0. 0.],0.681194543838501
185,"[143, 39, 1721, 901, 469, 1588, 1596]",0.11250870100644324,[0. 0. 1. 0. 0. 0. 0.],0.6789345741271973
186,"[1236, 1483, 1258, 520, 1419, 103, 1202]",0.11187383501553935,[0. 1. 1. 0. 1. 0. 0.],0.6850950717926025
187,"[1579, 59, 1910, 553, 1850, 659, 1640]",0.11182111812817286,[0. 0. 1. 0. 0. 0. 0.],0.6987652778625488
188,"[1897, 1381, 1036, 1518, 262, 1300, 861]",0.11146994083074457,[1. 0. 1. 0. 0. 0. 0.],0.7781088352203369
189,"[1157, 1416, 1136, 846, 137, 291, 1702]",0.11105413524469274,[1. 1. 1. 1. 0. 0. 0.],0.712202787399292
190,"[1271, 1655, 1909, 816, 1563, 1293, 821]",0.1106691560429116,[0. 1. 0. 0. 1. 1. 0.],0.7124383449554443
191,"[612, 256, 1433, 760, 125, 1033, 132]",0.11062239415526823,[1. 1. 0. 0. 0. 0. 1.],0.7121744155883789
192,"[744, 673, 265, 445, 1903, 232, 344]",0.11000741435024004,[1. 1. 0. 0. 0. 1. 1.],0.7047507762908936
193,"[116, 309, 635, 598, 1397, 1230, 1280]",0.10967016543469618,[0. 1. 1. 0. 1. 1. 1.],0.713883638381958
194,"[1175, 1228, 1811, 68, 549, 1190, 270]",0.1093502315039776,[1. 1. 1. 0. 0. 0. 0.],0.7149779796600342
195,"[349, 867, 1917, 503, 296, 7, 1330]",0.10877161799832197,[0. 0. 0. 0. 0. 0. 1.],0.7142798900604248
196,"[1160, 721, 1838, 845, 937, 539, 1712]",0.10803336043114077,[0. 1. 0. 0. 0. 0. 1.],0.7143003940582275
197,"[887, 230, 671, 1114, 813, 820, 746]",0.10748042683408562,[0. 0. 1. 1. 1. 1. 1.],0.7130329608917236
198,"[1859, 1516, 267, 709, 1307, 1783, 1231]",0.10697525459924116,[1. 0. 1. 0. 1. 0. 0.],0.7136545181274414
199,"[717, 460, 1304, 589, 43, 1169, 204]",0.10697525459924109,[1. 0. 0. 1. 1. 0. 1.],0.7165732383728027
200,"[1245, 1323, 562, 607, 1138, 550, 1146]",0.10656691521634662,[0. 1. 0. 1. 1. 1. 0.],0.7061340808868408
201,"[63, 914, 1577, 925, 912, 382, 1361]",0.10656691521634663,[0. 1. 0. 0. 0. 0. 1.],0.7863287925720215
202,"[1013, 545, 1750, 392, 1338, 218, 616]",0.10600273908147483,[1. 0. 0. 1. 0. 0. 0.],0.7165312767028809
203,"[1719, 439, 72, 167, 1539, 1133, 1729]",0.10525252281712097,[0. 1. 0. 0. 0. 0. 1.],0.720872163772583
204,"[701, 405, 733, 1072, 533, 773, 1415]",0.10491810256643178,[1. 0. 0. 0. 1. 0. 1.],0.7103068828582764
205,"[481, 1249, 739, 327, 886, 1512, 1768]",0.10444066711829815,[0. 1. 0. 0. 1. 1. 0.],0.7128543853759766
206,"[163, 624, 1840, 188, 1847, 24, 386]",0.10394564139277712,[0. 0. 0. 0. 0. 1. 1.],0.7140758037567139
207,"[1007, 314, 1545, 1333, 1601, 346, 697]",0.10367255990177303,[0. 1. 0. 1. 0. 0. 0.],0.7248601913452148
208,"[364, 100, 28, 540, 639, 150, 682]",0.10277518620587453,[0. 0. 1. 0. 0. 0. 0.],0.7132644653320312
209,"[1220, 1569, 9, 542, 1805, 575, 371]",0.10200358189845929,[1. 0. 1. 1. 0. 1. 0.],0.7140836715698242
210,"[180, 1073, 1376, 242, 352, 197, 1285]",0.1014664388380699,[1. 1. 0. 0. 0. 1. 0.],0.7052633762359619
211,"[404, 1406, 1243, 883, 1210, 948, 1178]",0.10036421787649359,[0. 0. 0. 0. 0. 0. 0.],0.7143740653991699
212,"[902, 1781, 824, 1360, 507, 47, 1450]",0.09979404880919013,[0. 1. 0. 0. 1. 0. 0.],0.7145907878875732
213,"[1690, 1217, 32, 1174, 1659, 1029, 1638]",0.09938148357464922,[0. 0. 1. 0. 0. 0. 0.],0.7138690948486328
214,"[1580, 725, 1287, 64, 113, 1299, 748]",0.09918438908066879,[1. 0. 0. 0. 0. 0. 0.],0.787839412689209
215,"[873, 877, 1524, 1780, 78, 1329, 1461]",0.09891453037806616,[0. 0. 1. 0. 1. 0. 1.],0.7135038375854492
216,"[1522, 895, 991, 172, 491, 583, 1509]",0.09834022037127774,[0. 0. 0. 0. 1. 0. 0.],0.713543176651001
217,"[492, 866, 1564, 1328, 998, 1822, 1108]",0.09770339302986254,[0. 0. 0. 0. 0. 1. 0.],0.7224588394165039
218,"[766, 908, 1069, 350, 851, 1102, 1005]",0.0969615177074442,[0. 1. 1. 0. 1. 0. 0.],0.7154145240783691
219,"[278, 213, 963, 235, 1475, 740, 273]",0.09631555942473122,[0. 0. 0. 0. 0. 0. 0.],0.7145993709564209
220,"[686, 771, 970, 930, 755, 1869, 951]",0.09479740266158694,[1. 0. 0. 0. 0. 1. 0.],0.7162296772003174
221,"[555, 698, 429, 558, 453, 810, 826]",0.0942589704895445,[0. 0. 1. 0. 1. 0. 1.],0.7151210308074951
222,"[1156, 1387, 1761, 1642, 395, 1318, 1440]",0.09391570237945619,[0. 1. 0. 1. 1. 0. 0.],0.7130401134490967
223,"[367, 1396, 1488, 141, 253, 1325, 195]",0.09351351052593608,[1. 0. 0. 0. 0. 0. 1.],0.7122542858123779
224,"[940, 829, 1018, 493, 1673, 1738, 1542]",0.09317197009572183,[0. 0. 0. 1. 1. 0. 0.],0.7130982875823975
225,"[1460, 117, 368, 938, 11, 1176, 1337]",0.09219595609137998,[0. 0. 0. 0. 0. 0. 0.],0.7084441184997559
226,"[541, 1470, 1407, 135, 785, 448, 1779]",0.09179517407935611,[0. 0. 0. 0. 0. 0. 0.],0.7132573127746582
227,"[1771, 394, 1359, 580, 751, 1669, 41]",0.09069994195273301,[0. 0. 1. 1. 0. 0. 0.],0.7993044853210449
228,"[470, 165, 1815, 1059, 843, 1317, 1298]",0.0902967022590721,[0. 0. 0. 1. 1. 0. 0.],0.7091705799102783
229,"[1480, 1665, 719, 366, 148, 715, 1919]",0.08999327582530119,[1. 0. 1. 0. 0. 0. 0.],0.7136318683624268
230,"[398, 1121, 207, 805, 1586, 295, 842]",0.08975353775121914,[1. 0. 0. 0. 1. 0. 0.],0.7177155017852783
231,"[1924, 1878, 979, 1221, 202, 530, 1203]",0.08968643141729131,[0. 0. 0. 0. 1. 1. 0.],0.7157154083251953
232,"[1798, 485, 1408, 1724, 461, 345, 90]",0.08877762288009663,[0. 1. 0. 0. 0. 1. 0.],0.7153730392456055
233,"[426, 1892, 641, 488, 1008, 1853, 1777]",0.08784660070510446,[0. 1. 1. 0. 0. 1. 1.],0.7162978649139404
234,"[1617, 1634, 1027, 1730, 250, 1194, 245]",0.0873575732425197,[1. 0. 0. 1. 0. 1. 1.],0.7153878211975098
235,"[54, 1666, 111, 983, 1644, 82, 1784]",0.08691431709832677,[0. 0. 0. 0. 0. 0. 0.],0.7131683826446533
236,"[251, 1040, 1056, 1801, 67, 1177, 442]",0.08654897736842998,[0. 0. 0. 0. 0. 1. 0.],0.7327659130096436
237,"[645, 568, 1473, 1562, 688, 1661, 281]",0.08596220513731626,[0. 1. 1. 0. 1. 1. 0.],0.7146146297454834
238,"[691, 92, 525, 1074, 396, 189, 833]",0.0856242548167328,[1. 0. 0. 0. 1. 0. 0.],0.7111945152282715
239,"[1237, 839, 652, 689, 1054, 53, 662]",0.08497314346793416,[0. 1. 0. 1. 0. 0. 0.],0.7107141017913818
240,"[1113, 1856, 1135, 335, 1273, 896, 19]",0.08446085844845723,[0. 0. 0. 0. 0. 1. 1.],0.7845220565795898
241,"[1043, 339, 1827, 680, 718, 1885, 408]",0.0839182731671225,[0. 0. 0. 1. 0. 0. 0.],0.7116954326629639
242,"[1529, 775, 705, 499, 879, 1086, 546]",0.08351073425768295,[0. 0. 0. 0. 1. 1. 0.],0.7110660076141357
243,"[1558, 1628, 1551, 731, 777, 216, 338]",0.08254146164411887,[0. 1. 0. 1. 1. 1. 1.],0.7136032581329346
244,"[789, 393, 1166, 749, 1902, 1789, 1820]",0.08239558041088159,[0. 0. 0. 0. 1. 0. 0.],0.7127609252929688
245,"[1358, 259, 342, 1259, 1335, 1437, 603]",0.08205668418849663,[1. 0. 1. 0. 0. 0. 0.],0.7142531871795654
246,"[88, 311, 1675, 769, 1087, 1226, 1357]",0.0819875582459338,[0. 0. 0. 1. 0. 1. 0.],0.7141849994659424
247,"[497, 985, 1000, 455, 1274, 1321, 305]",0.08157023277025738,[0. 1. 0. 0. 1. 1. 1.],0.7160758972167969
248,"[171, 1205, 1842, 477, 420, 1331, 504]",0.08095305896488883,[0. 0. 0. 0. 0. 0. 0.],0.7178525924682617
249,"[786, 1141, 1526, 1265, 993, 357, 1464]",0.08056064128973997,[1. 0. 0. 0. 1. 1. 1.],0.7127869129180908
250,"[995, 451, 921, 1478, 1152, 1139, 1363]",0.08019451734113339,[0. 0. 0. 1. 0. 0. 0.],0.7164936065673828
251,"[1211, 1240, 1214, 724, 559, 1736, 1275]",0.07970563625477572,[0. 0. 0. 0. 0. 0. 1.],0.7177479267120361
252,"[781, 86, 1021, 55, 1268, 362, 560]",0.07915120344846861,[0. 0. 0. 0. 0. 0. 0.],0.7135379314422607
253,"[237, 945, 706, 551, 1737, 226, 1155]",0.07895792803358612,[1. 1. 1. 0. 1. 0. 0.],0.7872533798217773
254,"[1707, 1543, 790, 75, 838, 1537, 1402]",0.0781265832973643,[0. 0. 0. 1. 1. 1. 0.],0.711601734161377
255,"[1115, 825, 1694, 69, 358, 307, 1799]",0.0776026370475019,[1. 0. 0. 0. 0. 0. 0.],0.7139532566070557
256,"[71, 1334, 292, 348, 1705, 1189, 412]",0.07703612570516778,[0. 1. 0. 0. 1. 1. 0.],0.7152462005615234
257,"[1561, 1494, 1148, 464, 1751, 359, 1787]",0.07678645600227466,[0. 0. 1. 0. 0. 0. 0.],0.7118570804595947
258,"[1485, 438, 723, 632, 563, 1624, 1717]",0.07638605791760901,[0. 0. 1. 0. 1. 1. 0.],0.7116525173187256
259,"[981, 915, 610, 1340, 1422, 276, 1762]",0.07630063423998167,[1. 0. 1. 0. 1. 0. 1.],0.7121639251708984
260,"[169, 911, 94, 390, 894, 1420, 263]",0.0761655187529113,[0. 0. 0. 1. 0. 0. 0.],0.711932897567749
261,"[699, 1653, 802, 932, 14, 1241, 1116]",0.07571969473313393,[1. 0. 0. 0. 0. 0. 0.],0.7130358219146729
262,"[1024, 1914, 1525, 1691, 1370, 534, 1615]",0.07529541967636215,[1. 0. 0. 1. 0. 0. 1.],0.7059156894683838
263,"[1742, 1654, 1188, 6, 1343, 427, 1429]",0.07456841340508466,[0. 0. 1. 0. 0. 1. 1.],0.7128307819366455
264,"[1875, 958, 432, 857, 710, 609, 1536]",0.07406924951646107,[0. 0. 0. 0. 0. 0. 0.],0.7171740531921387
265,"[808, 977, 1647, 644, 1726, 241, 1528]",0.07377269159353059,[0. 0. 0. 0. 0. 0. 0.],0.7126116752624512
266,"[1735, 1639, 919, 1474, 1192, 761, 1573]",0.07346238745677688,[0. 0. 0. 0. 0. 0. 0.],0.7889223098754883
267,"[326, 876, 1405, 343, 220, 168, 308]",0.07313997250644744,[1. 0. 0. 0. 1. 1. 1.],0.7289891242980957
268,"[1680, 1443, 964, 211, 10, 1417, 1067]",0.07270175988633193,[1. 0. 0. 0. 0. 0. 0.],0.7090580463409424
269,"[1218, 246, 450, 1848, 1534, 178, 502]",0.07207951435823291,[0. 0. 0. 0. 1. 1. 0.],0.732795000076294
270,"[1872, 1207, 29, 636, 972, 1599, 1371]",0.07153419449028578,[0. 0. 1. 1. 0. 0. 1.],0.7316670417785645
271,"[96, 1414, 252, 1744, 1154, 389, 1263]",0.07120135727037538,[1. 0. 0. 0. 0. 1. 0.],0.7349076271057129
272,"[1283, 1696, 353, 658, 1609, 1695, 1216]",0.07055410907120656,[1. 0. 1. 1. 1. 0. 0.],0.7446799278259277
273,"[1320, 1159, 596, 2, 360, 301, 1315]",0.07011694928928826,[0. 1. 0. 0. 0. 1. 0.],0.7330770492553711
274,"[66, 465, 1153, 505, 1151, 175, 1740]",0.06965255400744245,[0. 1. 1. 1. 1. 0. 1.],0.7336621284484863
275,"[1063, 59, 1642, 1070, 1597, 1831, 189]",0.06965255400744245,[0. 0. 1. 0. 1. 0. 0.],0.7346210479736328
276,"[1271, 204, 1877, 1742, 1771, 897, 1440]",0.06965255400744245,[0. 1. 1. 0. 0. 1. 0.],0.7319619655609131
277,"[1377, 648, 1538, 1729, 542, 203, 1851]",0.06965255400744248,[0. 0. 0. 1. 1. 1. 1.],0.732316255569458
278,"[1711, 97, 669, 1218, 1541, 1577, 1411]",0.06965032386065205,[0. 0. 1. 0. 1. 0. 0.],0.7319819927215576
279,"[306, 1334, 28, 1754, 1503, 1084, 238]",0.06965032386065204,[0. 1. 1. 0. 0. 1. 0.],0.8200924396514893
280,"[277, 1054, 999, 239, 1741, 975, 654]",0.0696464725518079,[0. 0. 0. 0. 1. 0. 1.],0.7346317768096924
281,"[1254, 1219, 92, 1825, 1846, 452, 389]",0.06964647255180788,[0. 1. 0. 0. 0. 1. 1.],0.7327921390533447
282,"[1208, 1211, 1480, 1273, 957, 253, 248]",0.06964647255180788,[1. 0. 1. 0. 1. 0. 1.],0.7321720123291016
283,"[489, 428, 123, 35, 1030, 1661, 84]",0.06964647255180788,[0. 0. 1. 0. 0. 1. 1.],0.7318048477172852
284,"[767, 781, 4, 1903, 1412, 1785, 1623]",0.0696464725518079,[0. 0. 0. 0. 0. 0. 1.],0.7312476634979248
285,"[1326, 617, 1565, 462, 1138, 574, 224]",0.06964647255180789,[0. 1. 0. 0. 1. 0. 0.],0.7310609817504883
286,"[1319, 498, 1544, 1693, 1891, 1442, 139]",0.06964647255180786,[0. 0. 1. 1. 0. 0. 1.],0.7291035652160645
287,"[606, 265, 690, 1226, 1338, 1006, 803]",0.06964647255180786,[0. 0. 0. 1. 0. 0. 0.],0.7231733798980713
288,"[1624, 1429, 985, 399, 174, 284, 694]",0.06964647255180789,[1. 1. 1. 1. 1. 1. 0.],0.729783296585083
289,"[984, 280, 1026, 1280, 1496, 1852, 1564]",0.0696464725518079,[1. 0. 0. 1. 0. 1. 0.],0.7352278232574463
290,"[923, 296, 1059, 1220, 0, 1434, 1361]",0.06964647255180786,[0. 0. 1. 1. 0. 0. 1.],0.7345027923583984
291,"[1096, 104, 1130, 1787, 292, 789, 529]",0.06964647255180789,[0. 0. 1. 0. 0. 0. 0.],0.7345647811889648
292,"[1425, 1428, 535, 1820, 127, 1258, 737]",0.06964647255180786,[0. 0. 1. 0. 0. 1. 0.],0.8059685230255127
293,"[843, 1363, 122, 276, 1298, 1118, 1174]",0.06964647255180789,[1. 0. 1. 0. 0. 0. 0.],0.7325236797332764
294,"[1844, 777, 79, 698, 575, 1301, 115]",0.06964647255180788,[0. 1. 0. 0. 1. 0. 0.],0.7479326725006104
295,"[1040, 61, 113, 1409, 1890, 1832, 421]",0.06964647255180784,[0. 1. 0. 1. 1. 1. 0.],0.7324931621551514
296,"[986, 860, 514, 611, 513, 1607, 1357]",0.06964647255180788,[0. 0. 1. 0. 0. 1. 0.],0.7361228466033936
297,"[95, 230, 328, 637, 1221, 404, 1674]",0.0696464725518079,[0. 0. 1. 1. 0. 0. 0.],0.7360715866088867
298,"[1702, 827, 192, 679, 478, 282, 1919]",0.06964647255180789,[0. 0. 0. 0. 0. 0. 0.],0.7354941368103027
299,"[1296, 596, 1025, 1356, 1343, 878, 632]",0.06964647255180786,[0. 0. 0. 0. 0. 1. 0.],0.731642484664917
300,"[1786, 1568, 1874, 383, 1675, 838, 916]",0.06963967617511542,[0. 0. 0. 0. 0. 1. 0.],0.7332248687744141
301,"[125, 119, 1165, 305, 541, 1194, 397]",0.0696396761751154,[0. 1. 1. 1. 0. 1. 0.],0.7376353740692139
302,"[507, 232, 440, 254, 231, 1236, 1188]",0.06963967617511542,[1. 1. 0. 0. 1. 0. 1.],0.736422061920166
303,"[355, 1881, 1308, 1464, 1364, 653, 398]",0.06963967617511542,[0. 0. 0. 1. 0. 1. 1.],0.7358684539794922
304,"[712, 1085, 797, 709, 1173, 1895, 1869]",0.0696396761751154,[0. 0. 0. 0. 1. 0. 1.],0.7351202964782715
305,"[1415, 449, 375, 505, 861, 949, 782]",0.06963967617511542,[1. 0. 1. 1. 0. 1. 1.],0.8098287582397461
306,"[1445, 1900, 1393, 570, 1856, 439, 1672]",0.06960986508999775,[0. 0. 0. 1. 0. 1. 0.],0.7301695346832275
307,"[1369, 599, 112, 269, 437, 1556, 1745]",0.06960986508999778,[0. 0. 1. 0. 0. 1. 1.],0.7387008666992188
308,"[934, 787, 1721, 1306, 1705, 227, 1421]",0.06960986508999781,[0. 0. 1. 0. 1. 0. 1.],0.7368206977844238
309,"[974, 773, 391, 979, 972, 1888, 523]",0.0696098650899978,[0. 0. 0. 0. 0. 0. 1.],0.7282469272613525
310,"[98, 1781, 1908, 367, 344, 315, 1591]",0.06960986508999778,[1. 1. 0. 1. 1. 0. 1.],0.7370238304138184
311,"[1038, 818, 1534, 1041, 1282, 700, 1299]",0.0696098650899978,[0. 1. 1. 0. 1. 0. 0.],0.7349934577941895
312,"[14, 1789, 796, 1601, 1091, 1801, 935]",0.06960986508999782,[0. 0. 0. 0. 0. 0. 1.],0.7372307777404785
313,"[1707, 165, 592, 703, 1061, 1209, 891]",0.06960986508999781,[0. 0. 1. 0. 0. 0. 0.],0.7359037399291992
314,"[1621, 823, 1304, 200, 39, 304, 1516]",0.06960986508999778,[1. 1. 0. 0. 0. 0. 0.],0.7369554042816162
315,"[1826, 327, 138, 1255, 1230, 1600, 766]",0.06959665151124356,[1. 0. 0. 0. 1. 0. 0.],0.7366509437561035
316,"[78, 247, 1088, 1518, 352, 881, 1460]",0.06959665151124358,[1. 1. 1. 0. 0. 0. 0.],0.7280387878417969
317,"[721, 121, 1687, 1676, 369, 1159, 1780]",0.0695966515112436,[1. 1. 0. 0. 0. 1. 0.],0.7293996810913086
318,"[1814, 160, 1910, 620, 1349, 1524, 853]",0.06959665151124357,[0. 1. 1. 0. 0. 1. 1.],0.8083243370056152
319,"[1098, 1341, 1599, 586, 747, 1916, 1053]",0.0695966515112436,[0. 1. 0. 0. 0. 0. 1.],0.7359471321105957
320,"[347, 486, 894, 1876, 186, 13, 904]",0.06959665151124361,[0. 0. 0. 0. 0. 1. 0.],0.7355794906616211
321,"[1704, 89, 772, 560, 1497, 429, 981]",0.0695966515112436,[0. 1. 0. 0. 1. 1. 1.],0.7353787422180176
322,"[739, 1539, 660, 1485, 246, 1119, 774]",0.06959665151124361,[0. 0. 0. 0. 0. 0. 1.],0.7350695133209229
323,"[1448, 855, 629, 1803, 359, 249, 1034]",0.06959665151124358,[0. 1. 0. 0. 0. 1. 0.],0.7352514266967773
324,"[1537, 729, 965, 900, 54, 1386, 627]",0.0695966515112436,[1. 1. 1. 0. 0. 1. 1.],0.736478328704834
325,"[1175, 1056, 1756, 77, 1757, 1668, 1270]",0.06958788629187718,[1. 0. 0. 0. 1. 0. 1.],0.7355465888977051
326,"[42, 1083, 353, 1788, 1439, 172, 488]",0.0695878862918772,[0. 0. 1. 1. 1. 0. 0.],0.7364907264709473
327,"[1032, 1330, 1279, 65, 471, 885, 132]",0.06958788629187722,[0. 1. 0. 0. 0. 0. 1.],0.74288010597229
328,"[188, 1069, 1051, 1804, 997, 1906, 952]",0.06958158977484927,[0. 1. 0. 0. 1. 1. 0.],0.7360293865203857
329,"[555, 723, 1457, 1582, 483, 938, 1569]",0.06958158977484925,[0. 1. 0. 1. 0. 0. 0.],0.7353453636169434
330,"[1348, 1261, 180, 1548, 6, 834, 869]",0.06958158977484927,[0. 0. 1. 1. 0. 0. 0.],0.7346525192260742
331,"[1730, 133, 668, 464, 635, 1325, 1690]",0.06958158977484924,[1. 0. 0. 0. 1. 0. 0.],0.8240995407104492
332,"[245, 1408, 140, 672, 933, 1081, 1367]",0.06958158977484925,[1. 0. 1. 0. 0. 1. 0.],0.7331767082214355
333,"[621, 761, 1893, 708, 673, 1824, 1238]",0.06958158977484924,[1. 0. 0. 0. 1. 0. 1.],0.7375466823577881
334,"[1124, 1071, 234, 1453, 642, 1868, 1912]",0.06955834563006519,[0. 1. 0. 0. 1. 0. 1.],0.7355718612670898
335,"[996, 210, 1156, 854, 1181, 1433, 60]",0.0695583456300652,[1. 0. 0. 0. 0. 0. 0.],0.7366266250610352
336,"[1228, 1836, 1210, 1017, 1580, 1799, 842]",0.06955834563006516,[1. 0. 0. 0. 1. 0. 0.],0.734807014465332
337,"[362, 1274, 808, 623, 1212, 1160, 262]",0.06955834563006516,[0. 1. 0. 0. 0. 0. 0.],0.7369909286499023
338,"[1634, 604, 53, 1379, 458, 652, 681]",0.06955834563006513,[0. 1. 0. 1. 0. 0. 1.],0.7337474822998047
339,"[1626, 1012, 714, 293, 101, 1336, 1178]",0.06955834563006513,[0. 0. 0. 1. 0. 0. 0.],0.7292263507843018
340,"[510, 1619, 676, 1167, 1873, 286, 209]",0.06955834563006515,[0. 0. 1. 0. 0. 0. 0.],0.735008716583252
341,"[591, 1779, 330, 1713, 43, 1420, 1501]",0.06955834563006516,[0. 0. 1. 1. 1. 0. 0.],0.7368409633636475
342,"[902, 1736, 36, 1914, 749, 1901, 31]",0.06955834563006516,[0. 0. 0. 0. 0. 0. 0.],0.730959415435791
343,"[788, 271, 932, 837, 1450, 167, 1023]",0.06955834563006519,[1. 0. 0. 1. 0. 0. 1.],0.7353057861328125
344,"[1398, 1585, 1227, 1246, 954, 1839, 926]",0.06955834563006515,[1. 0. 0. 0. 0. 1. 1.],0.8062131404876709
345,"[1182, 416, 711, 887, 500, 961, 1418]",0.06955755316185423,[1. 0. 0. 0. 1. 0. 0.],0.7345230579376221
346,"[1374, 610, 624, 354, 1633, 601, 910]",0.06954480296457713,[0. 1. 0. 1. 0. 0. 0.],0.7335431575775146
347,"[553, 463, 312, 434, 1499, 751, 251]",0.06953934826485575,[0. 0. 1. 0. 0. 0. 0.],0.7353732585906982
348,"[763, 771, 1688, 1596, 759, 765, 1770]",0.06953934826485572,[0. 0. 1. 0. 0. 0. 0.],0.7327544689178467
349,"[1476, 689, 1323, 1289, 1144, 879, 921]",0.0695393482648557,[1. 1. 1. 1. 1. 1. 0.],0.7314333915710449
350,"[258, 124, 219, 664, 908, 830, 1352]",0.06953934826485575,[0. 1. 0. 0. 1. 1. 0.],0.7323696613311768
351,"[85, 846, 831, 915, 1355, 1309, 1093]",0.06951785458175085,[0. 1. 1. 0. 0. 0. 0.],0.731665849685669
352,"[758, 650, 1019, 1003, 378, 423, 1761]",0.06951785458175092,[1. 0. 0. 0. 0. 1. 0.],0.7341582775115967
353,"[543, 1889, 384, 1008, 358, 415, 832]",0.06950860200377015,[0. 0. 1. 0. 0. 1. 0.],0.7341287136077881
354,"[1765, 295, 1507, 1678, 131, 213, 898]",0.06950203830910737,[1. 0. 0. 0. 0. 0. 0.],0.7326815128326416
355,"[194, 907, 1215, 1791, 874, 1700, 1413]",0.06950203830910735,[0. 1. 0. 1. 1. 1. 0.],0.73287034034729
356,"[22, 1152, 1241, 1728, 1821, 1405, 1305]",0.06950040585096386,[0. 0. 0. 0. 1. 1. 0.],0.7266113758087158
357,"[699, 220, 181, 590, 1699, 1519, 275]",0.06950040585096383,[1. 1. 1. 1. 1. 1. 1.],0.8087749481201172
358,"[1465, 1733, 1613, 1493, 1387, 1725, 645]",0.06950040585096387,[0. 0. 0. 1. 1. 0. 0.],0.7318973541259766
359,"[863, 57, 1843, 800, 1414, 659, 1234]",0.06950040585096381,[0. 1. 0. 0. 0. 0. 0.],0.7339458465576172
360,"[1401, 1067, 956, 1685, 1109, 1430, 1110]",0.06949783145444305,[1. 0. 0. 0. 1. 0. 0.],0.7352113723754883
361,"[1394, 469, 1512, 1862, 1604, 1592, 1766]",0.06947943932459857,[1. 0. 1. 0. 1. 0. 1.],0.7337682247161865
362,"[548, 946, 524, 1554, 1484, 130, 1782]",0.06947943932459857,[1. 0. 1. 0. 0. 0. 0.],0.7329380512237549
363,"[1132, 756, 366, 577, 487, 814, 983]",0.06947943932459857,[1. 0. 0. 0. 0. 0. 0.],0.732968807220459
364,"[1574, 184, 179, 40, 1390, 323, 1222]",0.0694794393245986,[1. 0. 0. 0. 0. 1. 0.],0.7328979969024658
365,"[678, 44, 75, 896, 731, 1738, 1867]",0.06947943932459856,[0. 1. 1. 1. 1. 0. 0.],0.7360289096832275
366,"[278, 80, 1243, 1201, 1552, 120, 1195]",0.06947943932459859,[0. 1. 0. 1. 0. 0. 1.],0.7342374324798584
367,"[1508, 144, 266, 1636, 183, 1313, 1864]",0.06947943932459859,[0. 1. 0. 0. 0. 0. 1.],0.735673189163208
368,"[392, 1375, 1245, 168, 1196, 1082, 516]",0.06947943932459859,[1. 1. 0. 1. 1. 0. 0.],0.7260921001434326
369,"[682, 859, 335, 443, 549, 1276, 1698]",0.06947652353156995,[0. 0. 0. 0. 0. 0. 1.],0.7355072498321533
370,"[1284, 1635, 1180, 1256, 1028, 102, 852]",0.06946608105202885,[0. 1. 0. 1. 1. 0. 0.],0.8066897392272949
371,"[1446, 454, 1795, 1584, 294, 433, 107]",0.06944706437764027,[0. 1. 0. 1. 0. 0. 0.],0.7327303886413574
372,"[368, 589, 503, 992, 1307, 511, 222]",0.06944706437764027,[0. 1. 0. 1. 1. 0. 0.],0.7354965209960938
373,"[1197, 27, 34, 903, 1783, 1320, 18]",0.06944706437764027,[0. 0. 1. 1. 0. 0. 0.],0.7363905906677246
374,"[331, 1443, 21, 944, 1168, 5, 670]",0.06942386629384319,[0. 0. 0. 1. 0. 0. 1.],0.7318625450134277
375,"[821, 1686, 1079, 1339, 1865, 1663, 240]",0.06942386629384316,[0. 0. 0. 0. 1. 0. 1.],0.725010871887207
376,"[1662, 871, 736, 105, 71, 1102, 813]",0.06942386629384316,[1. 0. 1. 0. 0. 0. 1.],0.7323620319366455
377,"[1400, 1571, 568, 1495, 1333, 1463, 1798]",0.06941192994872288,[1. 1. 1. 1. 1. 0. 0.],0.7335159778594971
378,"[25, 1627, 914, 1553, 1514, 1346, 1419]",0.06941192994872293,[0. 1. 1. 0. 0. 0. 1.],0.7340121269226074
379,"[962, 272, 1288, 1769, 1907, 815, 86]",0.0694119299487229,[1. 1. 0. 0. 1. 0. 0.],0.7333419322967529
380,"[1590, 257, 198, 919, 1206, 798, 1101]",0.06941192994872293,[0. 0. 0. 0. 0. 1. 1.],0.7362480163574219
381,"[1773, 1527, 1014, 1566, 1454, 1712, 615]",0.06941192994872293,[1. 0. 0. 0. 0. 1. 0.],0.7346370220184326
382,"[937, 1828, 1654, 1285, 1645, 1658, 436]",0.0693985710686043,[0. 1. 0. 1. 1. 1. 0.],0.7324488162994385
383,"[990, 236, 1513, 567, 1447, 332, 52]",0.06939857106860428,[1. 0. 0. 0. 0. 0. 0.],0.8011844158172607
384,"[346, 519, 1259, 639, 459, 940, 1734]",0.06939857106860428,[0. 0. 0. 0. 0. 0. 0.],0.7313456535339355
385,"[1481, 337, 400, 918, 1796, 70, 929]",0.0693902525979932,[0. 0. 0. 0. 1. 0. 0.],0.7321772575378418
386,"[1559, 372, 1417, 978, 1813, 966, 1388]",0.06938334102912849,[1. 1. 0. 1. 0. 0. 1.],0.7362606525421143
387,"[424, 261, 301, 752, 1528, 1666, 152]",0.06938334102912845,[0. 0. 1. 0. 0. 0. 1.],0.7274906635284424
388,"[1694, 911, 1922, 927, 1870, 350, 1172]",0.06937579968573682,[0. 1. 0. 0. 0. 0. 0.],0.7354762554168701
389,"[638, 47, 1365, 1467, 544, 494, 1462]",0.06937579968573683,[0. 0. 1. 0. 1. 0. 0.],0.7360482215881348
390,"[444, 1551, 1853, 1647, 998, 1073, 947]",0.06937579968573684,[0. 0. 1. 0. 0. 1. 0.],0.7339448928833008
391,"[1717, 1422, 1126, 1540, 1511, 93, 1170]",0.06937579968573683,[0. 1. 1. 0. 0. 0. 0.],0.7356202602386475
392,"[1189, 644, 1075, 1154, 651, 382, 1902]",0.0693757996857368,[1. 0. 1. 0. 0. 0. 1.],0.7343490123748779
393,"[82, 455, 1142, 1140, 1701, 1575, 1009]",0.06937579968573682,[0. 0. 1. 0. 1. 0. 0.],0.73370361328125
394,"[1161, 1667, 155, 858, 1857, 1092, 235]",0.0693757996857368,[1. 1. 0. 0. 0. 0. 0.],0.7354154586791992
395,"[920, 1808, 409, 1882, 683, 971, 493]",0.06937579968573682,[0. 1. 0. 1. 0. 1. 1.],0.7352762222290039
396,"[1214, 1198, 363, 726, 1632, 533, 804]",0.06937579968573682,[0. 0. 0. 0. 0. 1. 0.],0.7985613346099854
397,"[1764, 302, 1205, 760, 20, 1924, 1185]",0.06934050945115183,[0. 1. 0. 0. 0. 0. 0.],0.7329530715942383
398,"[1268, 15, 754, 964, 1598, 1473, 1266]",0.06934050945115178,[0. 1. 0. 0. 0. 1. 1.],0.7379109859466553
399,"[1838, 1615, 76, 817, 719, 1328, 727]",0.06934050945115179,[0. 1. 1. 0. 1. 0. 0.],0.7433834075927734
400,"[748, 665, 980, 12, 614, 371, 1567]",0.06934050945115183,[0. 1. 0. 1. 1. 0. 0.],0.7324457168579102
401,"[1830, 532, 425, 343, 460, 506, 221]",0.06934050945115179,[1. 1. 0. 0. 0. 0. 1.],0.7331247329711914
402,"[307, 1714, 696, 349, 2, 688, 1239]",0.06934050945115178,[0. 0. 1. 0. 0. 1. 0.],0.7264609336853027
403,"[1232, 518, 1252, 1778, 1202, 502, 403]",0.06933773847651248,[0. 1. 0. 0. 0. 0. 1.],0.735349178314209
404,"[945, 1055, 45, 640, 24, 848, 1909]",0.06933773847651249,[1. 1. 0. 0. 1. 1. 0.],0.732417106628418
405,"[1854, 1811, 512, 1331, 579, 72, 1113]",0.06933773847651252,[0. 1. 0. 0. 1. 0. 0.],0.7343175411224365
