,id,cost,pcount,dist,input_div
0,testcases4_Followup418,67,5,7,0.0
1,testcases4_Followup418,201,4,10,0.7862877697065646
2,testcases4_Followup418,277,36,95,0.0
3,testcases4_Followup418,74,5,17,0.7666666666666667
4,testcases4_Followup418,274,18,47,0.028249506471014117
5,testcases4_Followup418,161,5,20,0.15022749863302823
6,testcases4_Followup418,65,5,20,0.0
7,testcases4_Followup418,69,3,10,0.0
8,testcases4_Followup418,60,1,4,0.0
9,testcases4_Followup418,85,5,10,1.0210842363642088
10,testcases4_Followup418,276,19,98,0.0
11,testcases4_Followup418,60,2,2,0.0
12,testcases4_Followup418,268,19,60,1.0293553846535548
13,testcases4_Followup418,151,4,17,1.1456440191280621
14,testcases4_Followup418,154,4,4,0.0
15,testcases4_Followup418,253,6,17,1.7240827503171494
16,testcases4_Followup418,256,6,17,1.1057233896609804
17,testcases4_Followup418,190,5,12,1.113497959678478
18,testcases4_Followup418,134,3,13,0.0
19,testcases4_Followup418,127,6,17,1.4933283735247358
20,testcases4_Followup418,64,4,16,0.17179606773406922
21,testcases4_Followup418,193,10,36,0.5755497215862476
22,testcases4_Followup418,64,2,2,0.0
23,testcases4_Followup418,184,6,16,0.2234547660168221
24,testcases4_Followup418,137,2,5,1.4288034469236237
25,testcases4_Followup418,211,5,17,0.0
26,testcases4_Followup418,280,16,60,0.0
27,testcases4_Followup418,90,2,4,0.0
28,testcases4_Followup418,60,1,2,1.0
29,testcases4_Followup418,65,4,9,0.8770020827006196
30,testcases4_Followup418,135,16,46,0.0
31,testcases4_Followup418,298,59,203,0.0
32,testcases4_Followup418,83,2,2,0.6146221886104821
33,testcases4_Followup418,91,2,2,0.7992428057230169
34,testcases4_Followup418,272,10,27,2.0
35,testcases4_Followup418,299,63,255,0.014746800737452983
36,testcases4_Followup418,67,4,6,0.0
37,testcases4_Followup418,297,38,99,1.0062649960462182
38,testcases4_Followup418,252,5,20,0.66332495807108
39,testcases4_Followup418,193,10,38,0.5381816596274985
40,testcases4_Followup418,269,12,50,0.0
41,testcases4_Followup418,291,9,24,0.1111111111111111
42,testcases4_Followup418,299,66,196,0.4013869292841992
43,testcases4_Followup418,70,2,7,1.1230492729268327
44,testcases4_Followup418,263,18,59,3.0
45,testcases4_Followup418,60,1,1,0.0
46,testcases4_Followup418,235,6,25,1.3019066684559475
47,testcases4_Followup418,306,39,138,1.0089395000440158
48,testcases4_Followup418,171,11,48,0.3547649578552605
49,testcases4_Followup418,299,65,221,0.009411775449116568
50,testcases4_Followup418,276,10,27,0.3942899775484847
51,testcases4_Followup418,279,41,157,0.0
52,testcases4_Followup418,198,5,12,0.5755497215862476
53,testcases4_Followup418,135,16,46,0.4035630621535868
54,testcases4_Followup418,183,6,14,0.08202845110488752
55,testcases4_Followup418,60,1,2,0.0
56,testcases4_Followup418,159,9,39,0.0
57,testcases4_Followup418,189,5,9,1.0000000349712133
58,testcases4_Followup418,60,2,2,0.0
59,testcases4_Followup418,126,3,11,0.3333333333333333
60,testcases4_Followup418,265,10,29,0.09761472301809308
61,testcases4_Followup418,64,2,5,0.8770020827006196
62,testcases4_Followup418,60,1,2,0.0
63,testcases4_Followup418,222,5,20,0.3037430823423684
64,testcases4_Followup418,238,4,18,0.75
65,testcases4_Followup418,175,5,17,0.2
66,testcases4_Followup418,312,63,251,1.1008930872380478
67,testcases4_Followup418,65,5,20,0.0
68,testcases4_Followup418,168,24,73,0.0
69,testcases4_Followup418,296,19,85,0.0
70,testcases4_Followup418,297,16,58,0.34142793582380987
71,testcases4_Followup418,273,11,33,0.0
72,testcases4_Followup418,169,4,9,0.0
73,testcases4_Followup418,91,2,2,0.5373909773153993
74,testcases4_Followup418,177,30,82,0.0
75,testcases4_Followup418,83,2,2,0.5280325373536223
76,testcases4_Followup418,69,3,10,0.4055175020198813
77,testcases4_Followup418,171,20,73,0.2964931082931037
78,testcases4_Followup418,176,2,5,0.8320095305382779
79,testcases4_Followup418,69,3,10,0.0
80,testcases4_Followup418,60,2,2,1.0
81,testcases4_Followup418,168,6,17,0.25481939276932186
82,testcases4_Followup418,297,11,31,0.18360628990564987
83,testcases4_Followup418,282,18,38,0.0
84,testcases4_Followup418,253,12,30,1.0137937797773593
85,testcases4_Followup418,320,67,198,0.01492537313432836
86,testcases4_Followup418,154,4,4,0.0
87,testcases4_Followup418,218,4,12,1.1242967289193526
88,testcases4_Followup418,64,4,16,0.0
89,testcases4_Followup418,142,8,27,1.029461307056427
90,testcases4_Followup418,177,30,82,0.21622241006382362
91,testcases4_Followup418,278,38,132,0.0
92,testcases4_Followup418,134,3,13,0.0
93,testcases4_Followup418,168,24,73,0.12357919907078271
94,testcases4_Followup418,60,1,2,0.0
95,testcases4_Followup418,177,31,84,0.045619792334615966
96,testcases4_Followup418,149,2,8,1.118264848332356
97,testcases4_Followup418,145,4,12,0.4168181351586512
98,testcases4_Followup418,171,3,6,0.64015558185106
99,testcases4_Followup418,173,5,13,0.0
100,testcases4_Followup418,176,25,74,0.0
101,testcases4_Followup418,168,6,17,0.0
102,testcases4_Followup418,154,16,54,0.492093601907924
103,testcases4_Followup418,60,1,4,0.0
104,testcases4_Followup418,65,4,9,0.0
105,testcases4_Followup418,126,3,11,0.3333333333333333
106,testcases4_Followup418,67,4,6,0.1732050807568877
107,testcases4_Followup418,138,8,32,0.12163311240350329
108,testcases4_Followup418,243,5,14,1.5265142744745162
109,testcases4_Followup418,140,12,42,1.0265055853585783
110,testcases4_Followup418,155,4,20,0.0
111,testcases4_Followup418,172,13,59,0.0
112,testcases4_Followup418,222,5,20,1.0
113,testcases4_Followup418,172,14,63,0.05774765863720458
114,testcases4_Followup418,182,5,7,0.0
115,testcases4_Followup418,176,4,7,0.5105442740709168
116,testcases4_Followup418,91,2,2,0.0
117,testcases4_Followup418,60,1,2,0.0
118,testcases4_Followup418,157,14,42,0.44942540624461863
119,testcases4_Followup418,222,6,24,1.4433756877312336
120,testcases4_Followup418,183,6,18,0.0
121,testcases4_Followup418,198,5,12,1.0
122,testcases4_Followup418,188,5,6,1.1832159930463602
123,testcases4_Followup418,93,5,11,1.2466333291994207
124,testcases4_Followup418,251,6,16,1.198467069298393
125,testcases4_Followup418,302,20,100,0.734491185191852
126,testcases4_Followup418,273,11,33,0.5161545765902182
127,testcases4_Followup418,144,4,17,0.0
128,testcases4_Followup418,60,1,4,0.0
129,testcases4_Followup418,294,64,176,0.3449158048717818
130,testcases4_Followup418,64,2,5,0.0
131,testcases4_Followup418,199,28,117,0.6697097262321392
132,testcases4_Followup418,91,4,11,0.3535533905932738
133,testcases4_Followup418,194,15,59,0.3449156975550265
134,testcases4_Followup418,198,5,12,1.0
135,testcases4_Followup418,183,6,18,0.20015494029376402
136,testcases4_Followup418,172,28,70,0.0
137,testcases4_Followup418,64,2,2,0.0
138,testcases4_Followup418,222,5,20,0.7731852401762453
139,testcases4_Followup418,231,4,17,1.6051569651822142
140,testcases4_Followup418,85,2,3,1.0000017935016057
141,testcases4_Followup418,161,5,10,0.0
142,testcases4_Followup418,183,24,95,0.17627987114673982
143,testcases4_Followup418,126,3,11,0.3333333333333333
144,testcases4_Followup418,68,4,7,0.4330127018922193
145,testcases4_Followup418,141,5,19,0.6603321808041933
146,testcases4_Followup418,203,5,14,1.0170497091741668
147,testcases4_Followup418,211,3,5,0.235787220261445
148,testcases4_Followup418,147,9,28,0.29046569320755705
149,testcases4_Followup418,67,5,7,0.0
150,testcases4_Followup418,280,17,42,0.15757873963802832
151,testcases4_Followup418,261,14,35,0.0
152,testcases4_Followup418,149,6,14,1.2120985154525685
153,testcases4_Followup418,93,3,6,0.2370928462680376
154,testcases4_Followup418,190,7,15,0.6624403877780312
155,testcases4_Followup418,60,2,2,0.0
156,testcases4_Followup418,292,36,105,0.17347216662217768
157,testcases4_Followup418,60,1,2,0.0
158,testcases4_Followup418,67,4,10,0.3656235161413384
159,testcases4_Followup418,67,5,7,0.0
160,testcases4_Followup418,67,5,12,0.43772701341316017
161,testcases4_Followup418,105,2,9,2.0772390713116864
162,testcases4_Followup418,91,2,2,0.0
163,testcases4_Followup418,312,10,37,0.5866172477985295
164,testcases4_Followup418,83,2,2,0.6790388560794385
165,testcases4_Followup418,172,28,70,0.3502635774758893
166,testcases4_Followup418,294,64,176,0.0
167,testcases4_Followup418,67,5,12,0.0
168,testcases4_Followup418,60,1,3,1.0
169,testcases4_Followup418,308,65,217,0.3265622842400304
170,testcases4_Followup418,60,1,4,0.0
171,testcases4_Followup418,273,11,33,0.48693481816151185
172,testcases4_Followup418,282,18,38,1.0
173,testcases4_Followup418,267,17,79,0.0
174,testcases4_Followup418,108,5,20,1.471758240143101
175,testcases4_Followup418,200,6,13,0.48940436189995223
176,testcases4_Followup418,64,2,2,0.0
177,testcases4_Followup418,134,3,13,0.0
178,testcases4_Followup418,203,6,21,1.4816172535160026
179,testcases4_Followup418,294,20,52,0.0
180,testcases4_Followup418,87,6,12,1.0000208114379685
181,testcases4_Followup418,170,10,45,1.022711217487837
182,testcases4_Followup418,60,1,1,0.0
183,testcases4_Followup418,141,5,14,0.33176211088965213
184,testcases4_Followup418,68,4,7,0.0
185,testcases4_Followup418,154,4,4,0.0
186,testcases4_Followup418,273,11,33,0.0
187,testcases4_Followup418,152,5,17,1.1631928248746262
188,testcases4_Followup418,294,53,120,0.3638334886772932
189,testcases4_Followup418,171,7,32,0.0
190,testcases4_Followup418,65,3,6,0.44292274219727706
191,testcases4_Followup418,72,4,7,0.6041666666666666
192,testcases4_Followup418,130,4,11,0.0
193,testcases4_Followup418,104,3,6,1.000000592453076
194,testcases4_Followup418,175,10,40,0.27878982304255434
195,testcases4_Followup418,67,2,10,0.6614378277661477
196,testcases4_Followup418,60,1,2,0.0
197,testcases4_Followup418,203,31,85,1.0170497091741668
198,testcases4_Followup418,155,4,17,0.25
199,testcases4_Followup418,222,5,20,0.282842712474619
200,testcases4_Followup418,263,18,59,0.0
201,testcases4_Followup418,298,59,203,0.2659454289277859
202,testcases4_Followup418,67,5,12,0.2689715208202268
203,testcases4_Followup418,67,5,7,0.42793106921559226
204,testcases4_Followup418,171,7,32,1.0
205,testcases4_Followup418,309,10,25,1.0139383759560059
206,testcases4_Followup418,126,3,11,0.3333333333333333
207,testcases4_Followup418,160,5,10,0.0
208,testcases4_Followup418,159,9,39,0.0
209,testcases4_Followup418,183,6,14,0.0
210,testcases4_Followup418,198,5,12,0.37413267515151444
211,testcases4_Followup418,60,1,2,0.0
212,testcases4_Followup418,267,18,80,0.037782504247036296
213,testcases4_Followup418,155,13,41,0.0
214,testcases4_Followup418,280,17,42,0.11413538695388879
215,testcases4_Followup418,238,17,48,1.0293553846535548
216,testcases4_Followup418,93,3,7,1.0000018491107163
217,testcases4_Followup418,129,3,8,0.0
218,testcases4_Followup418,67,4,10,0.0
219,testcases4_Followup418,134,3,13,0.0
220,testcases4_Followup418,100,5,7,1.2489995996796797
221,testcases4_Followup418,146,6,24,0.7830563369347
222,testcases4_Followup418,67,5,12,0.0
223,testcases4_Followup418,154,4,4,0.0
224,testcases4_Followup418,279,41,157,0.22609580682158886
225,testcases4_Followup418,88,5,12,0.8944271909999159
226,testcases4_Followup418,271,15,37,0.5161545765902182
227,testcases4_Followup418,60,1,4,0.0
228,testcases4_Followup418,60,1,3,0.0
229,testcases4_Followup418,207,3,9,0.5531230410061071
230,testcases4_Followup418,216,6,27,0.0
231,testcases4_Followup418,87,5,11,1.4950603476968358
232,testcases4_Followup418,83,2,2,1.0
233,testcases4_Followup418,273,38,99,0.012532218188497668
234,testcases4_Followup418,312,65,221,1.0409308009985547
235,testcases4_Followup418,91,2,2,0.0
236,testcases4_Followup418,60,1,2,0.0
237,testcases4_Followup418,64,2,2,0.6403124237432849
238,testcases4_Followup418,299,66,196,0.0
239,testcases4_Followup418,60,1,1,0.0
240,testcases4_Followup418,60,1,1,0.46368092477478523
241,testcases4_Followup418,170,4,13,0.3885862763820215
242,testcases4_Followup418,60,1,2,0.0
243,testcases4_Followup418,64,2,2,0.0
244,testcases4_Followup418,176,4,7,0.5
245,testcases4_Followup418,78,2,3,1.118033988749895
246,testcases4_Followup418,282,18,38,0.45812284729085123
247,testcases4_Followup418,68,4,7,0.82915619758885
248,testcases4_Followup418,63,2,5,1.4240006242195886
249,testcases4_Followup418,198,5,8,1.0635614078493718
250,testcases4_Followup418,91,2,2,0.0
251,testcases4_Followup418,296,34,112,0.13989286278387658
252,testcases4_Followup418,69,3,10,0.0
253,testcases4_Followup418,65,5,20,0.0
254,testcases4_Followup418,144,5,24,0.20620174117302695
255,testcases4_Followup418,129,3,8,0.0
256,testcases4_Followup418,162,5,21,1.0392305172309828
257,testcases4_Followup418,231,4,14,0.5892836767504277
258,testcases4_Followup418,291,19,56,0.0198606889056141
259,testcases4_Followup418,60,1,2,0.0
260,testcases4_Followup418,95,6,20,1.0814751534022153
261,testcases4_Followup418,298,18,44,0.23594846922990656
262,testcases4_Followup418,60,2,2,0.0
263,testcases4_Followup418,134,3,13,0.3333333333333333
264,testcases4_Followup418,281,14,44,0.14285714285714285
265,testcases4_Followup418,60,1,2,0.0
266,testcases4_Followup418,92,3,6,0.2370928462680375
267,testcases4_Followup418,200,11,39,0.840553091446854
268,testcases4_Followup418,64,4,16,0.5
269,testcases4_Followup418,300,60,206,0.2634524391730337
270,testcases4_Followup418,67,4,6,0.0
271,testcases4_Followup418,290,34,112,0.20162299076292772
272,testcases4_Followup418,65,4,9,0.8770020827006196
273,testcases4_Followup418,60,1,4,0.0
274,testcases4_Followup418,60,1,2,1.0
275,testcases4_Followup418,182,5,7,1.0
276,testcases4_Followup418,201,6,9,0.6697097262321392
277,testcases4_Followup418,192,5,18,0.7144736452746598
278,testcases4_Followup418,294,64,176,0.0
279,testcases4_Followup418,67,4,6,0.0
280,testcases4_Followup418,272,10,27,0.0
281,testcases4_Followup418,64,2,2,0.0
282,testcases4_Followup418,60,1,2,0.0
283,testcases4_Followup418,217,6,27,0.527617269766359
284,testcases4_Followup418,188,22,58,1.0213665896921085
285,testcases4_Followup418,76,5,10,1.5426474950789602
286,testcases4_Followup418,165,9,35,0.442023522443052
287,testcases4_Followup418,274,19,66,0.12281091740598654
288,testcases4_Followup418,173,5,14,0.0
289,testcases4_Followup418,169,4,9,0.9682458365518543
290,testcases4_Followup418,83,2,2,0.0
291,testcases4_Followup418,60,1,1,0.0
292,testcases4_Followup418,216,6,22,0.0
293,testcases4_Followup418,86,6,24,0.6666666666666666
294,testcases4_Followup418,140,18,62,0.1289873307014355
295,testcases4_Followup418,280,16,63,0.8029708051515946
296,testcases4_Followup418,182,6,11,0.22374986033515193
297,testcases4_Followup418,64,2,5,0.8770020827006196
298,testcases4_Followup418,211,5,17,0.2
299,testcases4_Followup418,60,2,2,0.0
300,testcases4_Followup418,261,15,37,0.0
301,testcases4_Followup418,71,4,18,0.6821127309893709
302,testcases4_Followup418,69,3,10,0.4055175020198813
303,testcases4_Followup418,60,1,4,0.0
304,testcases4_Followup418,60,2,2,0.0
305,testcases4_Followup418,182,5,7,1.0
306,testcases4_Followup418,65,5,20,0.0
307,testcases4_Followup418,298,18,44,0.1097581389149054
308,testcases4_Followup418,185,3,6,1.0089678844991063
309,testcases4_Followup418,73,4,13,0.5866719933470301
310,testcases4_Followup418,292,37,111,0.02990642260969487
311,testcases4_Followup418,134,3,13,0.0
312,testcases4_Followup418,197,25,75,0.8996155641524363
313,testcases4_Followup418,268,52,113,0.0
314,testcases4_Followup418,60,2,2,1.0
315,testcases4_Followup418,168,6,17,0.23103820016378132
316,testcases4_Followup418,126,3,11,0.0
317,testcases4_Followup418,60,1,2,0.0
318,testcases4_Followup418,164,5,9,0.8745325930094473
319,testcases4_Followup418,192,29,73,0.5800274470136364
320,testcases4_Followup418,145,4,12,0.5
321,testcases4_Followup418,64,4,16,0.0
322,testcases4_Followup418,72,6,11,0.3333333333333333
323,testcases4_Followup418,120,4,13,1.0000004091216117
324,testcases4_Followup418,170,5,8,0.3931515995303361
325,testcases4_Followup418,65,4,9,0.0
326,testcases4_Followup418,164,4,14,1.0307764603911598
327,testcases4_Followup418,91,2,2,0.0
328,testcases4_Followup418,66,3,10,0.505372372185007
329,testcases4_Followup418,190,2,4,0.9130878306052458
330,testcases4_Followup418,277,36,95,2.0
331,testcases4_Followup418,129,3,8,0.0
332,testcases4_Followup418,60,1,2,0.0
333,testcases4_Followup418,211,5,17,0.14920216058161564
334,testcases4_Followup418,191,6,18,0.45394920471102934
335,testcases4_Followup418,138,7,24,0.0
336,testcases4_Followup418,175,29,115,0.0
337,testcases4_Followup418,317,20,86,0.40494356389604264
338,testcases4_Followup418,78,4,5,1.099438696356695
339,testcases4_Followup418,167,26,106,0.0
340,testcases4_Followup418,274,19,66,0.29661007790223265
341,testcases4_Followup418,154,4,4,0.0
342,testcases4_Followup418,67,4,6,0.5196152422706632
343,testcases4_Followup418,314,19,45,0.36089033116774744
344,testcases4_Followup418,169,4,9,0.9682458365518543
345,testcases4_Followup418,286,12,34,1.0247398433473938
346,testcases4_Followup418,173,5,11,0.0
347,testcases4_Followup418,176,4,7,0.43950987957082693
348,testcases4_Followup418,216,6,28,0.0
349,testcases4_Followup418,60,1,1,0.0
350,testcases4_Followup418,144,4,17,0.0
351,testcases4_Followup418,196,6,10,1.0635614078493718
352,testcases4_Followup418,60,1,2,0.0
353,testcases4_Followup418,155,10,29,1.0198743344424512
354,testcases4_Followup418,83,3,8,1.1231560852511706
355,testcases4_Followup418,169,5,10,0.2745408347901357
356,testcases4_Followup418,67,5,12,0.0
357,testcases4_Followup418,137,6,18,1.1186320498244164
358,testcases4_Followup418,176,4,7,0.0
359,testcases4_Followup418,64,2,5,0.0
360,testcases4_Followup418,176,30,119,0.37246124253465956
361,testcases4_Followup418,138,7,24,0.0
362,testcases4_Followup418,271,13,52,0.060963002639688436
363,testcases4_Followup418,60,1,1,0.0
364,testcases4_Followup418,64,2,2,0.0
365,testcases4_Followup418,216,6,21,0.0
366,testcases4_Followup418,60,1,4,0.0
367,testcases4_Followup418,86,6,17,1.069863936927222
368,testcases4_Followup418,173,5,14,0.0
369,testcases4_Followup418,311,16,57,0.3589859986325538
370,testcases4_Followup418,169,4,9,0.8170538212093785
371,testcases4_Followup418,68,4,7,0.0
372,testcases4_Followup418,130,11,35,1.0
373,testcases4_Followup418,297,48,185,0.024263748742581113
374,testcases4_Followup418,195,12,52,0.27981779444600613
375,testcases4_Followup418,251,6,11,1.6499158305506363
376,testcases4_Followup418,277,36,95,0.0
377,testcases4_Followup418,218,16,47,1.0
378,testcases4_Followup418,166,14,51,0.280545962362222
379,testcases4_Followup418,211,5,17,0.2
380,testcases4_Followup418,197,11,37,0.13749565614675952
381,testcases4_Followup418,223,6,14,0.47175081330887275
382,testcases4_Followup418,67,5,7,0.0
383,testcases4_Followup418,69,3,10,0.0
384,testcases4_Followup418,74,6,20,1.0383279828647594
385,testcases4_Followup418,146,6,16,1.1907372170647177
386,testcases4_Followup418,304,20,73,1.418107184389897
387,testcases4_Followup418,265,9,25,0.0
388,testcases4_Followup418,137,5,20,0.572592011542848
389,testcases4_Followup418,67,6,14,0.29059326290271154
390,testcases4_Followup418,268,52,113,1.0
391,testcases4_Followup418,60,1,2,0.0
392,testcases4_Followup418,194,6,9,0.7201347820431881
393,testcases4_Followup418,187,10,35,0.2187932274034853
394,testcases4_Followup418,276,20,99,0.0
395,testcases4_Followup418,67,5,12,0.43772701341316017
396,testcases4_Followup418,93,5,14,0.565685424949238
397,testcases4_Followup418,166,14,51,0.0
398,testcases4_Followup418,67,4,10,0.3656235161413384
399,testcases4_Followup418,219,3,6,1.369560659831757
400,testcases4_Followup418,307,18,44,1.0044616475929955
401,testcases4_Followup418,60,1,3,1.0
402,testcases4_Followup418,60,2,2,0.0
403,testcases4_Followup418,182,5,7,0.8537434023568798
404,testcases4_Followup418,198,5,12,0.0
405,testcases4_Followup418,60,1,4,0.0
406,testcases4_Followup418,64,2,2,0.0
407,testcases4_Followup418,193,5,22,0.0
408,testcases4_Followup418,129,3,8,0.0
409,testcases4_Followup418,165,4,11,0.492093601907924
410,testcases4_Followup418,316,35,114,0.2805886546047924
411,testcases4_Followup418,93,3,7,1.0540925533894598
412,testcases4_Followup418,163,4,15,0.5371934685300165
413,testcases4_Followup418,183,6,20,0.11083421108223972
414,testcases4_Followup418,91,2,2,0.0
415,testcases4_Followup418,180,5,22,0.9797958971132713
416,testcases4_Followup418,68,4,7,0.0
417,testcases4_Followup418,130,5,17,0.18729580718146122
418,testcases4_Followup418,279,41,157,0.0
419,testcases4_Followup418,60,1,2,0.0
420,testcases4_Followup418,60,1,1,0.0
421,testcases4_Followup418,259,15,57,0.0
422,testcases4_Followup418,190,6,21,0.8874042916408766
423,testcases4_Followup418,125,4,5,1.1854033515384883
424,testcases4_Followup418,60,1,2,0.0
425,testcases4_Followup418,187,27,112,0.225105120378816
426,testcases4_Followup418,185,5,11,0.4
427,testcases4_Followup418,161,2,2,1.362042343678533
428,testcases4_Followup418,151,17,49,0.41408024788776787
429,testcases4_Followup418,76,2,8,0.7071067811865476
430,testcases4_Followup418,130,4,11,0.0
431,testcases4_Followup418,67,5,7,0.42793106921559226
432,testcases4_Followup418,171,7,32,0.24255039964699332
433,testcases4_Followup418,67,5,12,0.0
434,testcases4_Followup418,296,34,112,0.0
435,testcases4_Followup418,134,3,13,0.0
436,testcases4_Followup418,211,5,17,0.2
437,testcases4_Followup418,194,14,49,0.264127833084999
438,testcases4_Followup418,182,6,10,0.10571239809554558
439,testcases4_Followup418,72,6,16,1.0413549628229477
440,testcases4_Followup418,216,6,25,0.20557549640514605
441,testcases4_Followup418,159,10,45,0.12005600058149014
442,testcases4_Followup418,60,1,1,0.0
443,testcases4_Followup418,145,5,16,0.48989794855663565
444,testcases4_Followup418,168,6,17,0.43597088948906537
445,testcases4_Followup418,171,21,77,0.05112468086156899
446,testcases4_Followup418,169,4,9,0.64015558185106
447,testcases4_Followup418,67,5,7,0.0
448,testcases4_Followup418,171,20,73,0.0
449,testcases4_Followup418,173,5,11,0.3001101434839513
450,testcases4_Followup418,166,22,57,0.0
451,testcases4_Followup418,67,5,12,0.0
452,testcases4_Followup418,77,2,4,0.7956500392200309
453,testcases4_Followup418,82,6,17,0.37795134901495225
454,testcases4_Followup418,184,5,5,0.7483314773547882
455,testcases4_Followup418,150,16,53,0.0
456,testcases4_Followup418,155,4,16,0.0
457,testcases4_Followup418,60,1,2,0.0
458,testcases4_Followup418,67,4,10,0.0
459,testcases4_Followup418,129,3,8,0.0
460,testcases4_Followup418,229,3,11,0.5892836767504277
461,testcases4_Followup418,166,21,54,0.19206148738658682
462,testcases4_Followup418,60,1,3,0.0
463,testcases4_Followup418,91,2,2,0.0
464,testcases4_Followup418,281,33,111,0.0
465,testcases4_Followup418,83,5,18,0.37795134901495225
466,testcases4_Followup418,150,15,52,0.2666666666666667
467,testcases4_Followup418,60,1,1,0.0
468,testcases4_Followup418,182,5,7,0.8719198017163046
469,testcases4_Followup418,172,13,59,0.21610195480614167
470,testcases4_Followup418,298,18,44,0.0
471,testcases4_Followup418,296,18,48,0.43227708744088617
472,testcases4_Followup418,64,2,2,0.6708203932499369
473,testcases4_Followup418,302,19,59,0.5121028281560263
474,testcases4_Followup418,60,1,4,0.0
475,testcases4_Followup418,150,15,52,0.0
476,testcases4_Followup418,68,4,7,0.82915619758885
477,testcases4_Followup418,154,4,4,0.0
478,testcases4_Followup418,139,17,56,0.0
479,testcases4_Followup418,176,4,7,0.5
480,testcases4_Followup418,238,11,48,0.0
481,testcases4_Followup418,166,21,54,0.0
482,testcases4_Followup418,134,3,13,0.0
483,testcases4_Followup418,222,5,20,0.0
484,testcases4_Followup418,92,3,8,0.40905272137291837
485,testcases4_Followup418,60,1,1,0.46368092477478523
486,testcases4_Followup418,299,64,211,0.0
487,testcases4_Followup418,222,5,20,0.0
488,testcases4_Followup418,168,6,17,0.0
489,testcases4_Followup418,166,21,54,0.3194382824999699
490,testcases4_Followup418,126,3,11,0.0
491,testcases4_Followup418,68,6,19,0.2748737083745107
492,testcases4_Followup418,60,2,2,0.0
493,testcases4_Followup418,93,5,6,0.565685424949238
494,testcases4_Followup418,193,6,11,0.0
495,testcases4_Followup418,166,22,61,0.0
496,testcases4_Followup418,198,5,12,0.0
497,testcases4_Followup418,69,3,10,0.0
498,testcases4_Followup418,65,5,20,0.0
499,testcases4_Followup418,150,16,54,0.0
500,testcases4_Followup418,210,4,8,1.0274223107115052
501,testcases4_Followup418,129,4,9,1.4933283735247358
502,testcases4_Followup418,293,9,32,0.0
503,testcases4_Followup418,91,2,2,0.0
504,testcases4_Followup418,150,15,52,0.0
505,testcases4_Followup418,65,4,9,0.8770020827006196
506,testcases4_Followup418,60,1,1,0.0
507,testcases4_Followup418,60,1,2,1.0
508,testcases4_Followup418,182,5,7,0.0
509,testcases4_Followup418,166,21,54,0.0
510,testcases4_Followup418,173,5,10,0.0
511,testcases4_Followup418,316,19,64,0.27546304550234896
512,testcases4_Followup418,167,26,106,0.43623860585770624
513,testcases4_Followup418,65,4,9,0.0
514,testcases4_Followup418,64,4,16,0.5
515,testcases4_Followup418,298,10,25,0.3256933248383382
516,testcases4_Followup418,67,4,6,0.0
517,testcases4_Followup418,280,17,42,0.0
518,testcases4_Followup418,293,9,32,1.0886621079036347
519,testcases4_Followup418,176,4,7,0.0
520,testcases4_Followup418,83,2,2,0.0
521,testcases4_Followup418,298,65,177,0.48599896750205984
522,testcases4_Followup418,241,6,22,1.508503631941839
523,testcases4_Followup418,149,5,20,1.109386097283598
524,testcases4_Followup418,191,8,34,1.030776495830978
525,testcases4_Followup418,183,27,110,0.47781105412309177
526,testcases4_Followup418,185,5,15,0.4
527,testcases4_Followup418,67,4,6,0.0
528,testcases4_Followup418,109,2,2,0.7858187520739824
529,testcases4_Followup418,155,13,41,0.0
530,testcases4_Followup418,134,3,13,1.0
531,testcases4_Followup418,155,14,44,0.07738072269758459
532,testcases4_Followup418,64,2,5,0.8770020827006196
533,testcases4_Followup418,84,5,9,1.0873571993656665
534,testcases4_Followup418,60,2,2,0.0
535,testcases4_Followup418,154,4,4,1.0
536,testcases4_Followup418,165,10,39,0.09723443059101478
537,testcases4_Followup418,184,4,12,1.04286534509108
538,testcases4_Followup418,283,37,100,1.0172035759826599
539,testcases4_Followup418,277,36,95,0.22737091032979026
540,testcases4_Followup418,169,4,9,0.0
541,testcases4_Followup418,192,14,62,0.48518010410854745
542,testcases4_Followup418,96,6,17,1.0571979572535855
543,testcases4_Followup418,107,3,9,0.0
544,testcases4_Followup418,60,1,4,1.0
545,testcases4_Followup418,65,5,20,0.0
546,testcases4_Followup418,144,4,17,0.19206148738658682
547,testcases4_Followup418,60,1,2,0.0
548,testcases4_Followup418,201,5,9,0.774880712962478
549,testcases4_Followup418,64,2,5,0.14285714285714285
550,testcases4_Followup418,60,2,2,0.7071067811865476
551,testcases4_Followup418,303,18,50,1.0121148241348705
552,testcases4_Followup418,69,3,10,0.4055175020198813
553,testcases4_Followup418,130,11,35,0.0
554,testcases4_Followup418,291,9,24,1.0
555,testcases4_Followup418,265,10,29,0.1512017443127967
556,testcases4_Followup418,60,1,1,0.0
557,testcases4_Followup418,77,2,3,0.7666666666666667
558,testcases4_Followup418,65,5,20,0.0
559,testcases4_Followup418,65,4,9,0.0
560,testcases4_Followup418,198,5,12,0.0
561,testcases4_Followup418,253,3,12,1.145084242025494
562,testcases4_Followup418,269,12,50,0.0
563,testcases4_Followup418,141,2,11,1.1795581256849588
564,testcases4_Followup418,297,47,178,0.0
565,testcases4_Followup418,60,1,2,0.0
566,testcases4_Followup418,176,5,13,0.1583333333333333
567,testcases4_Followup418,246,5,15,0.66332495807108
568,testcases4_Followup418,96,5,27,1.0407485105422558
569,testcases4_Followup418,222,5,20,0.0
570,testcases4_Followup418,263,18,59,1.0
571,testcases4_Followup418,64,4,16,0.0
572,testcases4_Followup418,297,35,120,0.18128400193452218
573,testcases4_Followup418,130,4,16,1.0689844360400522
574,testcases4_Followup418,126,3,11,0.0
575,testcases4_Followup418,141,4,13,0.6251170252585563
576,testcases4_Followup418,294,15,56,1.0045137012371381
577,testcases4_Followup418,299,64,220,0.0
578,testcases4_Followup418,67,4,6,0.0
579,testcases4_Followup418,60,1,4,1.0
580,testcases4_Followup418,130,11,35,1.1275872974851768
581,testcases4_Followup418,101,3,12,0.4714045207910317
582,testcases4_Followup418,65,4,9,0.5590169943749475
583,testcases4_Followup418,166,14,51,0.3054909670196725
584,testcases4_Followup418,279,42,159,0.02732768199887146
585,testcases4_Followup418,287,10,30,1.0409733186393293
586,testcases4_Followup418,211,5,17,0.0
587,testcases4_Followup418,134,3,13,1.0
588,testcases4_Followup418,76,2,3,1.177132892732509
589,testcases4_Followup418,85,2,9,0.3958114029012639
590,testcases4_Followup418,264,12,51,1.1008930872380478
591,testcases4_Followup418,147,9,28,0.0
592,testcases4_Followup418,67,4,6,0.5196152422706632
593,testcases4_Followup418,125,4,8,0.250445137232087
594,testcases4_Followup418,154,4,4,1.0
595,testcases4_Followup418,64,4,16,0.3535533905932738
596,testcases4_Followup418,259,16,58,0.0
597,testcases4_Followup418,189,5,20,0.930043266298793
598,testcases4_Followup418,64,2,5,0.0
599,testcases4_Followup418,276,19,98,0.0
600,testcases4_Followup418,272,10,27,0.1732050807568877
601,testcases4_Followup418,273,37,98,0.23846108281329906
602,testcases4_Followup418,168,7,20,0.0
603,testcases4_Followup418,286,20,68,0.3283354804832456
604,testcases4_Followup418,99,3,6,0.6878787878787879
605,testcases4_Followup418,67,4,10,0.0
606,testcases4_Followup418,83,2,2,0.0
607,testcases4_Followup418,121,3,3,1.4286803786058817
608,testcases4_Followup418,82,5,9,1.1243545617409139
609,testcases4_Followup418,66,5,14,0.2015564437074637
610,testcases4_Followup418,68,4,7,0.3535533905932738
611,testcases4_Followup418,130,4,11,0.2964931082931037
612,testcases4_Followup418,154,4,4,0.6756049324484181
613,testcases4_Followup418,125,4,6,0.3535533905932738
614,testcases4_Followup418,139,17,56,0.6756049324484181
615,testcases4_Followup418,320,67,197,0.01492537313432836
616,testcases4_Followup418,180,2,2,0.239867889332406
617,testcases4_Followup418,134,3,13,1.0
618,testcases4_Followup418,172,13,59,0.0
619,testcases4_Followup418,282,18,38,0.24845199749997662
620,testcases4_Followup418,296,18,82,0.20557928332536016
621,testcases4_Followup418,83,4,4,0.5
622,testcases4_Followup418,64,2,2,0.0
623,testcases4_Followup418,175,29,115,0.0
624,testcases4_Followup418,60,1,1,0.0
625,testcases4_Followup418,112,3,9,1.327068615826292
626,testcases4_Followup418,147,9,28,0.0
627,testcases4_Followup418,60,1,4,1.0
628,testcases4_Followup418,238,12,52,0.07240345313677615
629,testcases4_Followup418,60,1,2,0.0
630,testcases4_Followup418,163,4,13,0.0
631,testcases4_Followup418,83,2,2,0.0
632,testcases4_Followup418,173,16,57,0.2676909881957411
633,testcases4_Followup418,130,4,11,0.0
634,testcases4_Followup418,175,30,116,0.04074048015243372
635,testcases4_Followup418,88,6,15,0.6146221886104821
636,testcases4_Followup418,162,10,36,0.9130878306052458
637,testcases4_Followup418,72,2,3,1.2628042430293849
638,testcases4_Followup418,67,5,7,0.0
639,testcases4_Followup418,65,5,20,0.0
640,testcases4_Followup418,171,7,32,0.0
641,testcases4_Followup418,61,2,3,1.118033988749895
642,testcases4_Followup418,60,1,3,1.0
643,testcases4_Followup418,273,37,98,0.0
644,testcases4_Followup418,60,1,1,0.0
645,testcases4_Followup418,129,3,8,0.0
646,testcases4_Followup418,299,67,199,0.018814240086155114
647,testcases4_Followup418,191,21,78,1.0183577351924284
648,testcases4_Followup418,165,10,34,0.25627998126328927
649,testcases4_Followup418,169,4,9,0.0
650,testcases4_Followup418,290,13,56,0.8029708051515946
651,testcases4_Followup418,165,5,20,0.21232324941777905
652,testcases4_Followup418,280,17,42,0.2630668208823282
653,testcases4_Followup418,67,5,12,0.43772701341316017
654,testcases4_Followup418,67,4,10,0.3656235161413384
655,testcases4_Followup418,185,5,9,1.0583005605189093
656,testcases4_Followup418,60,1,3,0.0
657,testcases4_Followup418,172,5,11,0.0
658,testcases4_Followup418,226,5,16,1.369560659831757
659,testcases4_Followup418,68,4,7,0.0
660,testcases4_Followup418,299,64,220,0.34142793582380987
661,testcases4_Followup418,126,3,11,0.0
662,testcases4_Followup418,192,28,121,0.38208754914623844
663,testcases4_Followup418,60,1,1,0.0
664,testcases4_Followup418,222,5,20,0.0
665,testcases4_Followup418,141,6,23,1.2766190671333288
666,testcases4_Followup418,64,2,2,0.0
667,testcases4_Followup418,301,42,158,0.047619047619047644
668,testcases4_Followup418,255,5,20,0.6446557710567872
669,testcases4_Followup418,251,4,11,1.3028916084380593
670,testcases4_Followup418,92,6,13,0.6454972243679028
671,testcases4_Followup418,70,5,7,1.0128756882082388
672,testcases4_Followup418,173,7,22,0.5186064738530886
673,testcases4_Followup418,83,2,2,0.5
674,testcases4_Followup418,198,5,12,0.0
675,testcases4_Followup418,159,9,39,1.4583811921035377
676,testcases4_Followup418,282,18,38,1.101607370392025
677,testcases4_Followup418,177,22,55,0.9062455471534948
678,testcases4_Followup418,187,3,9,0.4404858428800837
679,testcases4_Followup418,187,10,35,0.0
680,testcases4_Followup418,84,5,21,1.0348525001646107
681,testcases4_Followup418,177,9,38,1.0854372429671961
682,testcases4_Followup418,179,4,7,0.25
683,testcases4_Followup418,64,4,16,0.0
684,testcases4_Followup418,83,2,2,0.0
685,testcases4_Followup418,181,15,59,0.6709572674389251
686,testcases4_Followup418,60,1,4,1.0
687,testcases4_Followup418,105,3,8,0.33333333333333337
688,testcases4_Followup418,208,6,15,1.0671873729054748
689,testcases4_Followup418,214,4,7,1.8314850412509434
690,testcases4_Followup418,190,31,112,0.45394920471102934
691,testcases4_Followup418,154,4,4,0.6479703694396016
692,testcases4_Followup418,67,5,7,0.31313823713426564
693,testcases4_Followup418,192,10,32,0.7201347820431881
694,testcases4_Followup418,67,4,10,0.0
695,testcases4_Followup418,134,3,13,1.0
696,testcases4_Followup418,258,2,7,1.545733780147845
697,testcases4_Followup418,280,17,42,1.0
698,testcases4_Followup418,238,11,48,0.0
699,testcases4_Followup418,131,3,10,1.0092161493320635
700,testcases4_Followup418,60,1,3,0.0
701,testcases4_Followup418,78,2,5,0.45210618221829263
702,testcases4_Followup418,198,5,12,0.0
703,testcases4_Followup418,265,14,43,0.03276969646537143
704,testcases4_Followup418,293,9,32,0.43198977874875044
705,testcases4_Followup418,64,2,5,0.0
706,testcases4_Followup418,151,5,10,1.029461307056427
707,testcases4_Followup418,67,5,12,0.0
708,testcases4_Followup418,182,8,38,0.4030297769594726
709,testcases4_Followup418,126,3,11,0.0
710,testcases4_Followup418,293,9,32,0.0
711,testcases4_Followup418,89,6,16,0.3162003430652175
712,testcases4_Followup418,222,5,20,0.0
713,testcases4_Followup418,201,5,7,0.840553091446854
714,testcases4_Followup418,61,2,5,0.0
715,testcases4_Followup418,67,4,10,0.0
716,testcases4_Followup418,261,14,35,0.0
717,testcases4_Followup418,68,4,7,0.82915619758885
718,testcases4_Followup418,172,5,11,0.0
719,testcases4_Followup418,74,5,11,1.0635515354284018
720,testcases4_Followup418,268,52,113,0.1834498464263357
721,testcases4_Followup418,60,1,1,0.46368092477478523
722,testcases4_Followup418,64,2,2,0.6403124237432849
723,testcases4_Followup418,339,65,181,2.0319155036409464
724,testcases4_Followup418,299,39,133,0.48599896750205984
725,testcases4_Followup418,169,4,9,0.0
726,testcases4_Followup418,295,10,33,0.5351120853607533
727,testcases4_Followup418,68,4,7,0.0
728,testcases4_Followup418,60,2,2,0.0
729,testcases4_Followup418,81,2,4,1.224748185063866
730,testcases4_Followup418,223,6,19,1.4434915679407279
731,testcases4_Followup418,190,4,6,0.9062455471534948
732,testcases4_Followup418,211,5,17,0.0
733,testcases4_Followup418,168,6,17,0.0
734,testcases4_Followup418,94,5,17,0.5275145542430764
735,testcases4_Followup418,281,15,40,0.252150188308242
736,testcases4_Followup418,254,4,10,1.0606719495033345
737,testcases4_Followup418,60,1,1,0.0
738,testcases4_Followup418,297,47,178,0.22609580682158886
739,testcases4_Followup418,65,5,20,0.0
740,testcases4_Followup418,69,3,10,0.0
741,testcases4_Followup418,169,4,9,0.0
742,testcases4_Followup418,129,5,8,1.0689844360400522
743,testcases4_Followup418,294,64,176,0.13887803777055607
744,testcases4_Followup418,60,1,2,1.0
745,testcases4_Followup418,155,4,11,1.1320762397155408
746,testcases4_Followup418,65,4,9,0.8770020827006196
747,testcases4_Followup418,139,17,56,0.0
748,testcases4_Followup418,64,4,16,0.0
749,testcases4_Followup418,139,18,58,0.05139923262747298
750,testcases4_Followup418,60,1,2,1.0
751,testcases4_Followup418,292,36,105,0.0
752,testcases4_Followup418,67,4,6,0.0
753,testcases4_Followup418,64,4,16,0.37500000000000006
754,testcases4_Followup418,154,4,4,0.0
755,testcases4_Followup418,268,53,115,0.01130093953920726
756,testcases4_Followup418,222,5,20,0.0
757,testcases4_Followup418,322,65,221,2.0329580639215745
758,testcases4_Followup418,165,11,36,0.813157889716326
759,testcases4_Followup418,65,3,3,0.17179606773406922
760,testcases4_Followup418,182,5,7,0.0
761,testcases4_Followup418,68,4,7,0.0
762,testcases4_Followup418,176,4,7,0.0
763,testcases4_Followup418,105,3,11,0.33333333333333337
764,testcases4_Followup418,67,4,6,0.0
765,testcases4_Followup418,298,53,118,0.3589859986325538
766,testcases4_Followup418,144,4,17,0.0
767,testcases4_Followup418,172,5,9,0.0
768,testcases4_Followup418,299,20,88,1.0295630702724958
769,testcases4_Followup418,80,5,14,0.7211102550927978
770,testcases4_Followup418,171,20,73,0.0
771,testcases4_Followup418,298,18,44,0.1571348402636772
772,testcases4_Followup418,126,3,11,0.0
773,testcases4_Followup418,60,2,2,0.0
774,testcases4_Followup418,60,1,2,0.5153882032022076
775,testcases4_Followup418,165,9,35,0.0
776,testcases4_Followup418,159,5,22,0.31636329414461184
777,testcases4_Followup418,64,2,5,0.8770020827006196
778,testcases4_Followup418,296,20,88,0.039607489616327075
779,testcases4_Followup418,144,4,17,0.44942540624461863
780,testcases4_Followup418,299,62,250,0.2272025007987715
781,testcases4_Followup418,141,4,12,0.0
782,testcases4_Followup418,129,3,8,1.0
783,testcases4_Followup418,64,2,5,0.0
784,testcases4_Followup418,178,31,84,0.572592011542848
785,testcases4_Followup418,83,2,2,0.0
786,testcases4_Followup418,91,2,2,1.0
787,testcases4_Followup418,193,6,8,0.0
788,testcases4_Followup418,60,2,2,1.0
789,testcases4_Followup418,172,28,70,0.29443825370983284
790,testcases4_Followup418,304,65,214,0.4069166918630154
791,testcases4_Followup418,64,2,5,0.0
792,testcases4_Followup418,222,5,20,0.26253861951627133
793,testcases4_Followup418,298,21,54,0.4069166918630154
794,testcases4_Followup418,65,5,20,0.0
795,testcases4_Followup418,65,5,20,0.0
796,testcases4_Followup418,261,15,42,0.0
797,testcases4_Followup418,165,4,11,0.0
798,testcases4_Followup418,60,1,2,1.0
799,testcases4_Followup418,299,66,196,0.14132392504680022
800,testcases4_Followup418,83,2,2,0.0
801,testcases4_Followup418,69,3,10,0.4055175020198813
802,testcases4_Followup418,193,5,11,0.4297632452077182
803,testcases4_Followup418,60,1,2,0.0
804,testcases4_Followup418,60,1,1,0.0
805,testcases4_Followup418,146,2,8,0.2510547179331344
806,testcases4_Followup418,243,11,29,0.0
807,testcases4_Followup418,274,17,46,0.0
808,testcases4_Followup418,188,6,13,0.6243235987384144
809,testcases4_Followup418,199,3,14,1.1907910177670478
810,testcases4_Followup418,169,4,9,0.0
811,testcases4_Followup418,65,4,9,0.0
812,testcases4_Followup418,296,19,85,0.0
813,testcases4_Followup418,115,4,10,1.184385387009242
814,testcases4_Followup418,274,19,66,0.3450143303868466
815,testcases4_Followup418,64,4,16,0.0
816,testcases4_Followup418,243,11,29,0.39924699143008385
817,testcases4_Followup418,211,5,17,0.0
818,testcases4_Followup418,129,3,8,1.0
819,testcases4_Followup418,141,4,14,0.0
820,testcases4_Followup418,87,2,4,1.1824063941856997
821,testcases4_Followup418,180,24,92,0.0
822,testcases4_Followup418,193,6,13,0.0
823,testcases4_Followup418,91,2,2,1.0
824,testcases4_Followup418,65,4,9,0.0
825,testcases4_Followup418,83,2,2,0.0
826,testcases4_Followup418,67,4,6,0.5196152422706632
827,testcases4_Followup418,165,5,11,0.40629662409728073
828,testcases4_Followup418,177,5,9,0.2542649746566845
829,testcases4_Followup418,159,5,18,0.14172414713812947
830,testcases4_Followup418,60,1,2,0.8385254915624212
831,testcases4_Followup418,67,3,4,1.0294001623664526
832,testcases4_Followup418,174,7,20,0.5763918259819834
833,testcases4_Followup418,174,7,18,0.0
834,testcases4_Followup418,291,9,24,0.0
835,testcases4_Followup418,60,1,3,0.0
836,testcases4_Followup418,64,2,5,0.0
837,testcases4_Followup418,154,4,12,1.060660251909088
838,testcases4_Followup418,198,7,19,1.5015010776280822
839,testcases4_Followup418,149,5,10,1.0437298129012869
840,testcases4_Followup418,182,5,7,0.0
841,testcases4_Followup418,138,7,24,0.6206769704322191
842,testcases4_Followup418,298,18,44,0.3449158048717818
843,testcases4_Followup418,124,5,9,0.9395332707058324
844,testcases4_Followup418,301,42,159,0.047619047619047644
845,testcases4_Followup418,222,5,20,0.0
846,testcases4_Followup418,190,25,80,1.0054695659645696
847,testcases4_Followup418,60,1,2,0.8385254915624212
848,testcases4_Followup418,185,14,51,1.041353528732406
849,testcases4_Followup418,296,35,117,0.03176416380141348
850,testcases4_Followup418,159,5,15,0.2451239153612519
851,testcases4_Followup418,71,4,7,1.1608723946038548
852,testcases4_Followup418,130,4,11,0.2964931082931037
853,testcases4_Followup418,68,4,7,0.3093202423794456
854,testcases4_Followup418,167,27,112,0.028397013973644115
855,testcases4_Followup418,91,2,2,1.0
856,testcases4_Followup418,167,26,106,0.0
857,testcases4_Followup418,193,6,12,0.0
858,testcases4_Followup418,83,2,2,0.0
859,testcases4_Followup418,231,4,16,0.75
860,testcases4_Followup418,147,10,32,0.14124751148252962
861,testcases4_Followup418,64,2,2,0.0
862,testcases4_Followup418,129,3,8,1.0
863,testcases4_Followup418,159,12,39,0.24255039964699332
864,testcases4_Followup418,186,6,15,0.4271034433160413
865,testcases4_Followup418,160,18,63,1.000705810935284
866,testcases4_Followup418,149,4,15,0.4330127018922193
867,testcases4_Followup418,182,5,7,0.0
868,testcases4_Followup418,243,11,29,0.3235550702684281
869,testcases4_Followup418,171,7,32,0.0
870,testcases4_Followup418,67,5,7,0.0
871,testcases4_Followup418,155,17,49,0.4297632452077182
872,testcases4_Followup418,245,4,10,1.328156051817359
873,testcases4_Followup418,279,12,40,1.0049299111389574
874,testcases4_Followup418,60,1,2,1.0
875,testcases4_Followup418,67,4,10,0.0
876,testcases4_Followup418,155,13,41,0.25481939276932186
877,testcases4_Followup418,274,19,66,0.0
878,testcases4_Followup418,284,11,35,1.087114613009218
879,testcases4_Followup418,60,1,3,1.0
880,testcases4_Followup418,168,24,73,0.0
881,testcases4_Followup418,134,3,13,0.0
882,testcases4_Followup418,243,11,29,0.0
883,testcases4_Followup418,165,4,11,0.0
884,testcases4_Followup418,67,4,10,0.3535533905932738
885,testcases4_Followup418,177,30,82,0.0
886,testcases4_Followup418,67,5,12,0.43772701341316017
887,testcases4_Followup418,113,3,8,0.0
888,testcases4_Followup418,267,17,79,0.0
889,testcases4_Followup418,218,6,24,1.0274023583452598
890,testcases4_Followup418,177,31,84,0.02198696708029205
891,testcases4_Followup418,198,2,5,0.5319428864672249
892,testcases4_Followup418,211,5,17,0.0
893,testcases4_Followup418,60,1,1,0.0
894,testcases4_Followup418,168,25,74,0.0
895,testcases4_Followup418,68,4,7,0.0
896,testcases4_Followup418,82,2,7,0.7180703308172536
897,testcases4_Followup418,120,5,17,0.8116974544877578
898,testcases4_Followup418,169,4,9,0.0
899,testcases4_Followup418,177,30,82,0.21102110887678055
900,testcases4_Followup418,67,4,6,0.0
901,testcases4_Followup418,60,1,1,0.0
902,testcases4_Followup418,193,5,20,0.0
903,testcases4_Followup418,93,3,3,1.4436400894536598
904,testcases4_Followup418,168,24,73,0.21102110887678055
905,testcases4_Followup418,64,2,2,0.0
906,testcases4_Followup418,65,4,9,0.0
907,testcases4_Followup418,248,6,23,1.0137937550497034
908,testcases4_Followup418,211,6,19,1.1785113019775793
909,testcases4_Followup418,259,15,57,0.0
910,testcases4_Followup418,130,5,21,0.4184252853111952
911,testcases4_Followup418,292,36,105,1.0
912,testcases4_Followup418,298,60,207,0.01959439593428906
913,testcases4_Followup418,173,4,5,0.4893342340906886
914,testcases4_Followup418,121,4,10,1.0000004091216117
915,testcases4_Followup418,160,5,25,0.38208754914623844
916,testcases4_Followup418,182,5,7,0.0
917,testcases4_Followup418,83,2,2,0.0
918,testcases4_Followup418,198,5,12,0.0
919,testcases4_Followup418,175,5,17,0.2
920,testcases4_Followup418,255,6,9,0.6446557710567872
921,testcases4_Followup418,306,63,259,0.4233658256079964
922,testcases4_Followup418,91,2,2,1.0
923,testcases4_Followup418,165,9,35,0.0
924,testcases4_Followup418,276,20,101,0.0
925,testcases4_Followup418,60,1,3,0.0
926,testcases4_Followup418,129,3,8,1.0
927,testcases4_Followup418,171,4,13,0.4359708894890654
928,testcases4_Followup418,171,5,17,0.4491504326070622
929,testcases4_Followup418,297,47,178,0.0
930,testcases4_Followup418,171,11,48,0.280545962362222
931,testcases4_Followup418,60,1,2,0.8385254915624212
932,testcases4_Followup418,67,4,10,0.0
933,testcases4_Followup418,135,16,46,0.3502635774758893
934,testcases4_Followup418,277,37,96,0.013951308909042575
935,testcases4_Followup418,67,5,7,0.42793106921559226
936,testcases4_Followup418,327,48,181,3.607258383407549
937,testcases4_Followup418,188,5,11,0.4898979485566356
938,testcases4_Followup418,101,3,8,0.0
939,testcases4_Followup418,308,19,41,1.105837106908245
940,testcases4_Followup418,169,4,9,0.0
941,testcases4_Followup418,60,1,3,0.0
942,testcases4_Followup418,221,3,10,0.47175081330887275
943,testcases4_Followup418,60,1,1,0.0
944,testcases4_Followup418,192,30,120,1.0372654465282765
945,testcases4_Followup418,84,6,27,0.3958114029012639
946,testcases4_Followup418,211,5,17,0.0
947,testcases4_Followup418,67,4,10,0.0
948,testcases4_Followup418,265,9,25,0.0
949,testcases4_Followup418,172,5,6,1.0008808102835105
950,testcases4_Followup418,102,6,16,1.1786824333569437
951,testcases4_Followup418,294,21,59,0.04897111102848973
952,testcases4_Followup418,171,8,33,0.09318803661244193
953,testcases4_Followup418,67,5,12,0.0
954,testcases4_Followup418,178,5,15,0.4589637924141058
955,testcases4_Followup418,299,64,220,0.0
956,testcases4_Followup418,171,11,48,0.0
957,testcases4_Followup418,60,1,1,0.46368092477478523
958,testcases4_Followup418,299,62,250,0.0
959,testcases4_Followup418,187,10,35,1.0091274636564278
960,testcases4_Followup418,301,37,101,1.0139855489790213
961,testcases4_Followup418,269,13,52,0.060963002639688436
962,testcases4_Followup418,68,4,7,0.2689715208202268
963,testcases4_Followup418,89,5,7,0.0
964,testcases4_Followup418,60,1,4,0.0
965,testcases4_Followup418,60,1,2,1.0
966,testcases4_Followup418,310,37,107,1.0101494602279955
967,testcases4_Followup418,64,2,2,0.6708203932499369
968,testcases4_Followup418,163,18,64,0.23103820016378132
969,testcases4_Followup418,66,4,8,0.0
970,testcases4_Followup418,174,24,90,0.03682307535210623
971,testcases4_Followup418,155,3,14,1.0
972,testcases4_Followup418,174,23,89,0.0
973,testcases4_Followup418,222,6,28,0.0
974,testcases4_Followup418,292,36,105,0.17347216662217768
975,testcases4_Followup418,159,5,13,0.27981779444600613
976,testcases4_Followup418,206,4,19,0.8996155641524363
977,testcases4_Followup418,163,5,15,0.20017646335642672
978,testcases4_Followup418,160,4,7,1.0
979,testcases4_Followup418,183,5,13,0.4489432069872605
980,testcases4_Followup418,198,6,14,0.20012570869511062
981,testcases4_Followup418,85,6,18,0.7956500392200309
982,testcases4_Followup418,195,14,52,0.5319428864672249
983,testcases4_Followup418,193,5,5,0.0
984,testcases4_Followup418,66,4,8,0.442922742197277
985,testcases4_Followup418,125,4,10,1.2747550715565787
986,testcases4_Followup418,294,64,176,0.0
987,testcases4_Followup418,66,3,6,0.0
988,testcases4_Followup418,164,9,32,0.0
989,testcases4_Followup418,192,8,37,0.5716025840497805
990,testcases4_Followup418,211,5,8,0.7909480628360069
991,testcases4_Followup418,182,6,9,0.0
992,testcases4_Followup418,61,2,11,0.25
993,testcases4_Followup418,180,18,62,1.0457761795410747
994,testcases4_Followup418,172,4,5,0.0
995,testcases4_Followup418,195,5,7,0.6324555320336759
996,testcases4_Followup418,158,3,5,1.1624041140814019
997,testcases4_Followup418,63,2,5,1.0
998,testcases4_Followup418,193,5,5,0.0
999,testcases4_Followup418,135,16,46,0.0
1000,testcases4_Followup418,173,4,9,0.0
1001,testcases4_Followup418,176,30,111,0.0
1002,testcases4_Followup418,173,10,30,0.22360679774997894
1003,testcases4_Followup418,171,11,48,0.0
1004,testcases4_Followup418,60,1,3,0.0
1005,testcases4_Followup418,296,19,57,0.20092742410768666
1006,testcases4_Followup418,259,15,57,0.0
1007,testcases4_Followup418,287,18,47,1.005360206484756
1008,testcases4_Followup418,63,3,9,0.0
1009,testcases4_Followup418,60,1,1,0.0
1010,testcases4_Followup418,63,2,5,0.0
1011,testcases4_Followup418,171,27,114,0.2493193188572112
1012,testcases4_Followup418,60,1,1,0.0
1013,testcases4_Followup418,82,5,19,0.7211102550927978
1014,testcases4_Followup418,299,62,250,0.0
1015,testcases4_Followup418,68,5,15,0.0
1016,testcases4_Followup418,209,3,5,0.9428090415820634
1017,testcases4_Followup418,125,3,5,0.0
1018,testcases4_Followup418,67,4,5,0.0
1019,testcases4_Followup418,101,2,5,0.0
1020,testcases4_Followup418,171,12,56,0.06871543993660488
1021,testcases4_Followup418,169,5,18,0.0
1022,testcases4_Followup418,135,4,12,0.7910072823783756
1023,testcases4_Followup418,139,4,8,1.1426708863431614
1024,testcases4_Followup418,88,6,22,0.6454972243679028
1025,testcases4_Followup418,164,17,47,0.03966580075539008
1026,testcases4_Followup418,165,4,11,0.0
1027,testcases4_Followup418,66,3,6,0.0
1028,testcases4_Followup418,206,3,6,1.2419325418873852
1029,testcases4_Followup418,172,4,5,0.0
1030,testcases4_Followup418,279,41,157,0.31434577325674035
1031,testcases4_Followup418,60,1,1,0.0
1032,testcases4_Followup418,294,20,52,0.6576909683713069
1033,testcases4_Followup418,189,6,11,0.32308844826868066
1034,testcases4_Followup418,274,19,66,0.0
1035,testcases4_Followup418,121,5,17,1.0794693975999845
1036,testcases4_Followup418,129,2,6,0.7910072823783756
1037,testcases4_Followup418,285,20,72,1.0000000684450696
1038,testcases4_Followup418,278,39,137,0.03193254977891305
1039,testcases4_Followup418,77,6,24,1.0749104338273958
1040,testcases4_Followup418,67,4,4,0.0
1041,testcases4_Followup418,209,6,17,0.5531230410061071
1042,testcases4_Followup418,66,4,8,0.0
1043,testcases4_Followup418,210,11,38,0.3638334886772932
1044,testcases4_Followup418,201,6,17,0.7862877697065646
1045,testcases4_Followup418,177,30,82,0.4516663381501078
1046,testcases4_Followup418,183,5,13,1.0
1047,testcases4_Followup418,299,66,196,0.0
1048,testcases4_Followup418,296,19,85,0.36332497001010144
1049,testcases4_Followup418,187,12,57,0.30321073491741635
1050,testcases4_Followup418,273,38,101,0.020923865764177697
1051,testcases4_Followup418,168,24,73,0.43623860585770624
1052,testcases4_Followup418,319,16,65,1.4287740953630834
1053,testcases4_Followup418,71,6,17,1.0128756882082388
1054,testcases4_Followup418,222,6,23,0.0
1055,testcases4_Followup418,155,3,14,1.0
1056,testcases4_Followup418,159,4,14,0.0
1057,testcases4_Followup418,289,18,49,0.43198977874875044
1058,testcases4_Followup418,160,4,7,1.0
1059,testcases4_Followup418,63,3,9,0.3093202423794456
1060,testcases4_Followup418,127,4,13,1.007018479779216
1061,testcases4_Followup418,164,6,14,0.0
1062,testcases4_Followup418,298,18,44,0.0
1063,testcases4_Followup418,221,5,15,0.282842712474619
1064,testcases4_Followup418,101,2,5,0.0
1065,testcases4_Followup418,63,2,5,0.0
1066,testcases4_Followup418,164,10,37,0.11996012712049545
1067,testcases4_Followup418,60,1,3,0.0
1068,testcases4_Followup418,268,52,113,0.0
1069,testcases4_Followup418,184,2,7,1.0911242422214724
1070,testcases4_Followup418,60,1,1,0.0
1071,testcases4_Followup418,181,4,15,1.099993542945786
1072,testcases4_Followup418,211,6,23,0.07479717946256773
1073,testcases4_Followup418,184,5,22,1.0392304845413263
1074,testcases4_Followup418,125,3,5,0.0
1075,testcases4_Followup418,150,8,36,1.1624041140814019
1076,testcases4_Followup418,91,3,12,1.2466333291994207
1077,testcases4_Followup418,323,35,114,0.20557928332536016
1078,testcases4_Followup418,63,3,9,0.0
1079,testcases4_Followup418,182,5,9,0.0
1080,testcases4_Followup418,60,1,1,0.0
1081,testcases4_Followup418,304,37,113,1.4337924263638
1082,testcases4_Followup418,68,5,15,0.0
1083,testcases4_Followup418,193,5,5,0.0
1084,testcases4_Followup418,234,3,3,1.1365284229869905
1085,testcases4_Followup418,177,30,82,0.0
1086,testcases4_Followup418,67,4,5,0.42793106921559226
1087,testcases4_Followup418,66,3,6,0.0
1088,testcases4_Followup418,77,5,16,0.8453211822937882
1089,testcases4_Followup418,66,4,8,0.4330127018922193
1090,testcases4_Followup418,282,19,39,0.015569187842197142
1091,testcases4_Followup418,125,3,5,0.0
1092,testcases4_Followup418,299,66,196,0.3439718969923603
1093,testcases4_Followup418,68,4,15,0.0
1094,testcases4_Followup418,119,5,9,1.327068615826292
1095,testcases4_Followup418,230,2,7,1.3228756569566194
1096,testcases4_Followup418,60,1,1,0.0
1097,testcases4_Followup418,64,5,20,0.0
1098,testcases4_Followup418,149,4,21,0.4330127018922193
1099,testcases4_Followup418,72,6,13,0.3333333333333333
1100,testcases4_Followup418,117,2,2,1.3228756555322954
1101,testcases4_Followup418,251,3,4,1.3123446622820103
1102,testcases4_Followup418,67,5,7,0.1732050807568877
1103,testcases4_Followup418,67,4,19,0.0
1104,testcases4_Followup418,101,2,5,0.0
1105,testcases4_Followup418,174,29,72,1.0333785475342434
1106,testcases4_Followup418,156,5,11,1.265073888560733
1107,testcases4_Followup418,216,5,20,0.0
1108,testcases4_Followup418,279,41,157,0.0
1109,testcases4_Followup418,63,2,5,0.4876958296133177
1110,testcases4_Followup418,163,9,31,0.5587613455387688
1111,testcases4_Followup418,193,5,5,0.0
1112,testcases4_Followup418,175,10,37,0.4018168632129111
1113,testcases4_Followup418,299,65,222,0.01719540952756202
1114,testcases4_Followup418,149,3,3,0.5528669250151106
1115,testcases4_Followup418,81,2,6,1.1754661560782413
1116,testcases4_Followup418,60,1,1,0.0
1117,testcases4_Followup418,68,5,15,0.34641016151377546
1118,testcases4_Followup418,259,15,57,0.2666666666666667
1119,testcases4_Followup418,125,4,10,0.25
1120,testcases4_Followup418,63,2,5,0.0
1121,testcases4_Followup418,159,4,14,0.4330127018922193
1122,testcases4_Followup418,86,4,12,0.5
1123,testcases4_Followup418,67,4,4,0.46368092477478523
1124,testcases4_Followup418,172,29,75,0.0
1125,testcases4_Followup418,173,10,30,0.0
1126,testcases4_Followup418,128,6,13,1.1580183609419552
1127,testcases4_Followup418,67,5,11,0.0
1128,testcases4_Followup418,229,6,10,1.092906420717
1129,testcases4_Followup418,66,3,6,0.0
1130,testcases4_Followup418,91,3,9,1.0540925533894598
1131,testcases4_Followup418,160,11,36,1.486703371824593
1132,testcases4_Followup418,190,6,11,0.6733676944913516
1133,testcases4_Followup418,172,4,5,0.0
1134,testcases4_Followup418,117,5,12,0.0
1135,testcases4_Followup418,126,4,13,0.42518034093635426
1136,testcases4_Followup418,160,4,7,1.0
1137,testcases4_Followup418,173,10,30,0.4808571500806606
1138,testcases4_Followup418,155,3,14,0.849389588829008
1139,testcases4_Followup418,269,14,45,0.734491185191852
1140,testcases4_Followup418,222,6,27,0.0
1141,testcases4_Followup418,316,19,46,1.0000000416995165
1142,testcases4_Followup418,64,3,3,0.3656235161413384
1143,testcases4_Followup418,141,3,10,0.0
1144,testcases4_Followup418,89,3,3,1.1610136443694974
1145,testcases4_Followup418,307,20,86,1.0329161882030178
1146,testcases4_Followup418,159,17,60,0.0
1147,testcases4_Followup418,172,28,70,0.0
1148,testcases4_Followup418,183,5,13,0.7483314773547882
1149,testcases4_Followup418,203,6,14,0.5381816596274985
1150,testcases4_Followup418,164,6,14,0.0
1151,testcases4_Followup418,68,4,15,0.82915619758885
1152,testcases4_Followup418,60,1,1,0.0
1153,testcases4_Followup418,64,5,20,0.5196152422706632
1154,testcases4_Followup418,159,4,14,0.4330127018922193
1155,testcases4_Followup418,285,34,117,1.0160627486672895
1156,testcases4_Followup418,307,60,206,1.0391312300292306
1157,testcases4_Followup418,67,4,19,0.264575131106459
1158,testcases4_Followup418,64,3,3,0.0
1159,testcases4_Followup418,178,11,34,1.0330465193828824
1160,testcases4_Followup418,68,4,15,0.0
1161,testcases4_Followup418,191,3,3,0.8067344290011967
1162,testcases4_Followup418,281,14,42,0.14285714285714285
1163,testcases4_Followup418,193,5,5,0.2
1164,testcases4_Followup418,63,2,5,0.0
1165,testcases4_Followup418,251,2,7,1.1057233896609804
1166,testcases4_Followup418,259,15,57,1.0
1167,testcases4_Followup418,243,12,32,0.09623107148494961
1168,testcases4_Followup418,101,2,5,0.0
1169,testcases4_Followup418,197,6,14,0.6624403877780312
1170,testcases4_Followup418,125,3,5,0.0
1171,testcases4_Followup418,117,6,19,0.17075606533860188
1172,testcases4_Followup418,68,5,15,0.0
1173,testcases4_Followup418,184,12,53,1.0046998385206078
1174,testcases4_Followup418,67,4,4,0.0
1175,testcases4_Followup418,88,3,8,0.5280325373536223
1176,testcases4_Followup418,291,9,24,0.0
1177,testcases4_Followup418,233,5,11,1.1000157074500185
1178,testcases4_Followup418,294,64,176,0.21593737399391078
1179,testcases4_Followup418,60,1,1,0.0
1180,testcases4_Followup418,294,19,62,0.2205418918198382
1181,testcases4_Followup418,63,2,5,0.0
1182,testcases4_Followup418,67,5,11,0.34641016151377546
1183,testcases4_Followup418,198,6,14,0.11078141316548777
1184,testcases4_Followup418,183,5,13,0.4030297769594726
1185,testcases4_Followup418,271,16,63,0.7823177467261069
1186,testcases4_Followup418,160,4,7,0.6840217955276816
1187,testcases4_Followup418,185,31,117,0.17627987114673982
1188,testcases4_Followup418,241,4,13,1.118033995343684
1189,testcases4_Followup418,70,6,21,0.5802298395176404
1190,testcases4_Followup418,92,2,2,0.0
1191,testcases4_Followup418,222,6,24,0.0
1192,testcases4_Followup418,67,4,4,0.0
1193,testcases4_Followup418,155,3,14,1.0
1194,testcases4_Followup418,265,9,25,1.0
1195,testcases4_Followup418,111,4,16,1.046709092750609
1196,testcases4_Followup418,90,5,10,1.2281755180277476
1197,testcases4_Followup418,172,4,5,0.0
1198,testcases4_Followup418,191,5,11,0.30321073491741635
1199,testcases4_Followup418,181,22,58,0.632916801551318
1200,testcases4_Followup418,63,3,9,0.0
1201,testcases4_Followup418,153,9,43,0.6630265454589027
1202,testcases4_Followup418,296,34,112,0.0
1203,testcases4_Followup418,220,6,6,0.7731852401762453
1204,testcases4_Followup418,274,17,46,0.0
1205,testcases4_Followup418,64,3,3,0.0
1206,testcases4_Followup418,125,3,5,0.0
1207,testcases4_Followup418,171,13,43,0.0
1208,testcases4_Followup418,104,3,3,1.2361764044978747
1209,testcases4_Followup418,247,17,54,0.12281091740598654
1210,testcases4_Followup418,294,16,60,0.06821342087257012
1211,testcases4_Followup418,163,4,13,0.0
1212,testcases4_Followup418,211,6,18,0.0
1213,testcases4_Followup418,182,5,9,1.0
1214,testcases4_Followup418,216,5,20,0.2
1215,testcases4_Followup418,217,2,3,0.235787220261445
1216,testcases4_Followup418,299,64,211,0.31434577325674035
1217,testcases4_Followup418,66,3,6,0.0
1218,testcases4_Followup418,261,14,35,0.0
1219,testcases4_Followup418,66,4,8,0.5
1220,testcases4_Followup418,125,4,10,1.0
1221,testcases4_Followup418,307,10,28,1.008610213457728
1222,testcases4_Followup418,172,5,15,0.0
1223,testcases4_Followup418,173,4,9,1.0
1224,testcases4_Followup418,194,11,31,0.225105120378816
1225,testcases4_Followup418,68,4,15,0.0
1226,testcases4_Followup418,73,3,8,0.5866719933470301
1227,testcases4_Followup418,161,10,47,0.17698465341728362
1228,testcases4_Followup418,67,2,3,0.4867059852204231
1229,testcases4_Followup418,164,9,32,0.0
1230,testcases4_Followup418,78,3,12,1.4024249499829577
1231,testcases4_Followup418,190,5,10,0.41408024788776787
1232,testcases4_Followup418,125,4,10,0.0
1233,testcases4_Followup418,296,19,42,1.1033151618601709
1234,testcases4_Followup418,60,1,3,0.0
1235,testcases4_Followup418,182,6,10,0.0
1236,testcases4_Followup418,173,10,30,0.22360679774997894
1237,testcases4_Followup418,63,3,9,0.0
1238,testcases4_Followup418,63,2,5,1.0
1239,testcases4_Followup418,169,4,13,0.4035630621535868
1240,testcases4_Followup418,160,4,7,0.0
1241,testcases4_Followup418,63,3,9,0.0
1242,testcases4_Followup418,277,36,95,0.0
1243,testcases4_Followup418,172,4,5,0.0
1244,testcases4_Followup418,301,65,224,1.335253916027844
1245,testcases4_Followup418,60,1,1,0.0
1246,testcases4_Followup418,92,2,2,0.2370928462680376
1247,testcases4_Followup418,339,48,181,2.0319155036409464
1248,testcases4_Followup418,245,4,12,1.545641707978808
1249,testcases4_Followup418,253,3,9,1.0606719495033345
1250,testcases4_Followup418,66,2,4,1.0235249414572778
1251,testcases4_Followup418,68,5,15,0.0
1252,testcases4_Followup418,300,65,183,0.3256933248383382
1253,testcases4_Followup418,218,6,22,1.0072164225782232
1254,testcases4_Followup418,159,4,14,0.0
1255,testcases4_Followup418,66,3,6,0.0
1256,testcases4_Followup418,268,52,113,1.0233379853239708
1257,testcases4_Followup418,141,3,10,0.0
1258,testcases4_Followup418,210,6,22,1.4719601658500447
1259,testcases4_Followup418,171,4,13,0.47442567319629225
1260,testcases4_Followup418,193,5,5,0.0
1261,testcases4_Followup418,67,4,5,0.0
1262,testcases4_Followup418,63,2,5,0.0
1263,testcases4_Followup418,172,7,16,0.4830545644657883
1264,testcases4_Followup418,72,3,3,0.8453211822937882
1265,testcases4_Followup418,263,18,59,0.0
1266,testcases4_Followup418,117,3,6,1.0285398915836645
1267,testcases4_Followup418,269,12,50,0.6253715383364963
1268,testcases4_Followup418,66,4,8,0.0
1269,testcases4_Followup418,149,10,34,0.43926493850565634
1270,testcases4_Followup418,120,3,3,1.2018506055372575
1271,testcases4_Followup418,149,5,13,0.3157028248931998
1272,testcases4_Followup418,204,5,12,0.7632391632680734
1273,testcases4_Followup418,180,24,96,0.0
1274,testcases4_Followup418,80,5,21,1.5165900406747774
1275,testcases4_Followup418,143,2,10,2.1608107727220807
1276,testcases4_Followup418,216,5,20,0.2
1277,testcases4_Followup418,173,4,9,0.25
1278,testcases4_Followup418,205,5,13,1.2419325418873852
1279,testcases4_Followup418,63,3,9,0.0
1280,testcases4_Followup418,182,5,9,1.0
1281,testcases4_Followup418,175,29,115,0.0
1282,testcases4_Followup418,228,6,19,1.42400063724497
1283,testcases4_Followup418,187,5,10,1.0089678844991063
1284,testcases4_Followup418,265,13,38,0.0
1285,testcases4_Followup418,176,2,9,0.6400304622646018
1286,testcases4_Followup418,141,3,10,0.0
1287,testcases4_Followup418,60,1,3,0.0
1288,testcases4_Followup418,174,10,37,0.06626033578820313
1289,testcases4_Followup418,181,5,17,0.6730020364375701
1290,testcases4_Followup418,63,2,5,0.0
1291,testcases4_Followup418,193,5,5,0.0
1292,testcases4_Followup418,220,5,17,1.058300541365148
1293,testcases4_Followup418,74,6,12,1.1303032973593992
1294,testcases4_Followup418,187,10,35,0.0
1295,testcases4_Followup418,71,5,11,1.5817754195760587
1296,testcases4_Followup418,63,3,9,0.0
1297,testcases4_Followup418,276,19,98,1.0
1298,testcases4_Followup418,231,5,17,0.7760508200391562
1299,testcases4_Followup418,294,15,56,0.0
1300,testcases4_Followup418,159,4,14,0.0
1301,testcases4_Followup418,293,10,33,0.14493208216768078
1302,testcases4_Followup418,265,13,38,0.17200522903844537
1303,testcases4_Followup418,309,34,116,0.36089033116774744
1304,testcases4_Followup418,68,5,15,0.0
1305,testcases4_Followup418,296,34,112,0.0
1306,testcases4_Followup418,66,3,6,0.0
1307,testcases4_Followup418,92,2,2,1.0
1308,testcases4_Followup418,175,29,115,0.3534055865339182
1309,testcases4_Followup418,320,21,54,1.052032871714765
1310,testcases4_Followup418,60,1,1,0.0
1311,testcases4_Followup418,66,4,8,0.4330127018922193
1312,testcases4_Followup418,66,3,6,0.0
1313,testcases4_Followup418,182,6,8,0.0
1314,testcases4_Followup418,67,4,5,0.42793106921559226
1315,testcases4_Followup418,155,16,61,0.1557056845593045
1316,testcases4_Followup418,163,9,31,0.0
1317,testcases4_Followup418,64,5,20,0.0
1318,testcases4_Followup418,159,4,14,0.0
1319,testcases4_Followup418,222,6,21,0.20557203134386445
1320,testcases4_Followup418,130,12,36,0.0
1321,testcases4_Followup418,197,2,2,1.3463599474348709
1322,testcases4_Followup418,249,5,8,0.3320381114860527
1323,testcases4_Followup418,155,4,9,1.0308289111471063
1324,testcases4_Followup418,68,4,15,0.0
1325,testcases4_Followup418,166,15,53,0.07472118465827002
1326,testcases4_Followup418,193,5,5,0.0
1327,testcases4_Followup418,67,4,19,0.0
1328,testcases4_Followup418,166,14,51,0.12371791482634838
1329,testcases4_Followup418,148,8,28,0.3157028248931998
1330,testcases4_Followup418,109,3,4,1.1762949489544705
1331,testcases4_Followup418,141,3,10,0.0
1332,testcases4_Followup418,313,67,201,0.43227708744088617
1333,testcases4_Followup418,248,12,32,1.0306683733532758
1334,testcases4_Followup418,63,2,5,0.4876958296133177
1335,testcases4_Followup418,163,9,31,0.2745408347901357
1336,testcases4_Followup418,199,11,36,0.18128400193452218
1337,testcases4_Followup418,276,19,98,0.0
1338,testcases4_Followup418,182,6,14,0.0
1339,testcases4_Followup418,174,23,89,0.17904307294663577
1340,testcases4_Followup418,67,4,4,0.0
1341,testcases4_Followup418,92,2,2,1.0
1342,testcases4_Followup418,67,4,4,0.46368092477478523
1343,testcases4_Followup418,265,13,38,0.0
1344,testcases4_Followup418,155,3,14,0.0
1345,testcases4_Followup418,166,14,51,0.0
1346,testcases4_Followup418,60,1,1,0.0
1347,testcases4_Followup418,218,16,47,0.0
1348,testcases4_Followup418,289,18,81,0.2805886546047924
1349,testcases4_Followup418,125,4,10,0.25
1350,testcases4_Followup418,68,5,15,0.34641016151377546
1351,testcases4_Followup418,130,11,35,0.0
1352,testcases4_Followup418,67,5,11,0.0
1353,testcases4_Followup418,75,4,12,1.3043042915577325
1354,testcases4_Followup418,185,28,115,0.2676909881957411
1355,testcases4_Followup418,296,34,112,0.18360628990564987
1356,testcases4_Followup418,117,5,12,0.0
1357,testcases4_Followup418,265,13,38,0.252150188308242
1358,testcases4_Followup418,109,6,24,1.0457897823470328
1359,testcases4_Followup418,283,20,103,1.1560271013388201
1360,testcases4_Followup418,192,5,12,0.6523888773165551
1361,testcases4_Followup418,210,6,8,1.4541270326393152
1362,testcases4_Followup418,240,6,18,1.0137937550497034
1363,testcases4_Followup418,211,6,26,0.0944878372537381
1364,testcases4_Followup418,165,14,42,0.4271034433160413
1365,testcases4_Followup418,182,5,9,1.0
1366,testcases4_Followup418,172,4,5,0.8396886010616359
1367,testcases4_Followup418,60,1,1,0.0
1368,testcases4_Followup418,68,4,15,0.0
1369,testcases4_Followup418,173,10,30,0.3547649578552605
1370,testcases4_Followup418,60,1,1,0.0
1371,testcases4_Followup418,244,5,11,2.018807457459117
1372,testcases4_Followup418,171,27,114,0.0
1373,testcases4_Followup418,173,4,9,0.5763918259819834
1374,testcases4_Followup418,171,28,117,0.031062821195241563
1375,testcases4_Followup418,155,12,36,1.016716849436183
1376,testcases4_Followup418,273,37,98,0.16444432851531865
1377,testcases4_Followup418,216,5,20,0.2
1378,testcases4_Followup418,164,7,18,0.07946157771361248
1379,testcases4_Followup418,111,2,5,1.236200788081465
1380,testcases4_Followup418,64,3,3,0.3656235161413384
1381,testcases4_Followup418,60,1,1,0.0
1382,testcases4_Followup418,274,17,46,0.25523538416404895
1383,testcases4_Followup418,299,64,211,0.0
1384,testcases4_Followup418,64,5,20,0.5196152422706632
1385,testcases4_Followup418,166,21,54,0.0
1386,testcases4_Followup418,92,2,2,1.0
1387,testcases4_Followup418,88,5,10,1.0000165145947744
1388,testcases4_Followup418,68,4,15,0.5998713853921903
1389,testcases4_Followup418,298,19,46,0.052797630617333724
1390,testcases4_Followup418,183,5,13,0.0
1391,testcases4_Followup418,185,6,17,0.6831740328856053
1392,testcases4_Followup418,182,6,10,0.0
1393,testcases4_Followup418,64,3,3,0.0
1394,testcases4_Followup418,67,4,19,0.264575131106459
1395,testcases4_Followup418,186,10,36,0.47781105412309177
1396,testcases4_Followup418,193,5,5,0.0
1397,testcases4_Followup418,162,3,6,0.8745325930094473
1398,testcases4_Followup418,208,6,17,1.013793788753732
1399,testcases4_Followup418,81,5,20,0.39999999999999997
1400,testcases4_Followup418,76,6,23,1.0541725540050053
1401,testcases4_Followup418,280,19,62,1.0000000723388212
1402,testcases4_Followup418,141,3,10,0.0
1403,testcases4_Followup418,111,2,5,1.3228756555322954
1404,testcases4_Followup418,63,2,5,0.0
1405,testcases4_Followup418,191,5,14,0.6709572674389251
1406,testcases4_Followup418,282,18,38,0.0
1407,testcases4_Followup418,67,4,4,0.0
1408,testcases4_Followup418,159,4,14,0.0
1409,testcases4_Followup418,170,4,18,0.7447523837079774
1410,testcases4_Followup418,299,66,196,0.0
1411,testcases4_Followup418,68,5,15,0.0
1412,testcases4_Followup418,117,6,15,0.13433734677597953
1413,testcases4_Followup418,272,11,30,0.1203521744114422
1414,testcases4_Followup418,66,4,8,0.0
1415,testcases4_Followup418,212,6,17,1.1785113019775793
1416,testcases4_Followup418,173,4,9,1.0
1417,testcases4_Followup418,259,12,49,0.4233658256079964
1418,testcases4_Followup418,169,5,11,0.16606308064361275
1419,testcases4_Followup418,180,5,21,0.6831740328856053
1420,testcases4_Followup418,101,2,5,0.0
1421,testcases4_Followup418,67,5,11,0.34641016151377546
1422,testcases4_Followup418,235,2,3,1.1787341984286173
1423,testcases4_Followup418,63,2,5,0.0
1424,testcases4_Followup418,216,5,20,0.0944878372537381
1425,testcases4_Followup418,274,20,67,0.055009224385207646
1426,testcases4_Followup418,163,4,13,0.0
1427,testcases4_Followup418,182,5,9,1.0
1428,testcases4_Followup418,166,21,54,0.5475691980948745
1429,testcases4_Followup418,238,11,48,1.0795959675276763
1430,testcases4_Followup418,268,52,113,0.0
1431,testcases4_Followup418,211,6,22,0.0
1432,testcases4_Followup418,301,48,182,1.013160276741053
1433,testcases4_Followup418,292,37,110,0.03373248943204289
1434,testcases4_Followup418,291,39,137,0.27661915838280654
1435,testcases4_Followup418,150,15,52,1.0
1436,testcases4_Followup418,229,6,24,1.092906420717
1437,testcases4_Followup418,63,2,5,0.0
1438,testcases4_Followup418,261,14,35,0.18088333781388238
1439,testcases4_Followup418,71,2,4,0.6821127309893709
1440,testcases4_Followup418,277,36,95,1.0
1441,testcases4_Followup418,193,5,5,0.0
1442,testcases4_Followup418,174,10,36,0.4489432069872605
1443,testcases4_Followup418,280,17,42,0.0
1444,testcases4_Followup418,64,3,3,0.0
1445,testcases4_Followup418,299,38,99,1.005360206484756
1446,testcases4_Followup418,148,5,20,0.43926493850565634
1447,testcases4_Followup418,281,34,113,0.029713124072606116
1448,testcases4_Followup418,316,48,181,0.27546304550234896
1449,testcases4_Followup418,66,3,6,0.0
1450,testcases4_Followup418,301,67,201,1.0332921597214904
1451,testcases4_Followup418,66,4,8,0.5
1452,testcases4_Followup418,166,21,54,0.239867889332406
1453,testcases4_Followup418,67,4,5,0.0
1454,testcases4_Followup418,218,2,5,0.4246630907408662
1455,testcases4_Followup418,150,15,52,0.2872508538830656
1456,testcases4_Followup418,101,2,5,1.0
1457,testcases4_Followup418,273,37,98,0.0
1458,testcases4_Followup418,282,19,39,0.06746419620435191
1459,testcases4_Followup418,68,5,15,0.2
1460,testcases4_Followup418,125,3,5,0.3333333333333333
1461,testcases4_Followup418,243,5,5,1.508503631941839
1462,testcases4_Followup418,111,4,16,0.0
1463,testcases4_Followup418,316,63,258,1.0259308556625801
1464,testcases4_Followup418,89,6,13,0.37267799624996495
1465,testcases4_Followup418,200,4,16,0.38195377280006265
1466,testcases4_Followup418,60,1,1,1.0
1467,testcases4_Followup418,182,5,9,0.0
1468,testcases4_Followup418,92,2,2,0.0
1469,testcases4_Followup418,182,3,4,0.8719198017163046
1470,testcases4_Followup418,154,5,21,0.4018168632129111
1471,testcases4_Followup418,60,1,1,0.0
1472,testcases4_Followup418,299,65,213,0.00954131460208511
1473,testcases4_Followup418,100,5,12,1.1786824333569437
1474,testcases4_Followup418,299,64,220,0.2458112642176267
1475,testcases4_Followup418,298,18,44,0.0
1476,testcases4_Followup418,195,10,38,1.4816172535160026
1477,testcases4_Followup418,78,2,8,1.0294470817256174
1478,testcases4_Followup418,89,6,17,0.37267799624996495
1479,testcases4_Followup418,64,5,20,0.0
1480,testcases4_Followup418,144,18,60,1.0123662050509552
1481,testcases4_Followup418,318,37,106,1.0185908871011087
1482,testcases4_Followup418,63,3,9,0.0
1483,testcases4_Followup418,172,4,5,0.9682458365518543
1484,testcases4_Followup418,159,4,14,0.0
1485,testcases4_Followup418,182,5,9,0.3416586990940911
1486,testcases4_Followup418,60,1,3,0.0
1487,testcases4_Followup418,89,5,7,0.0
1488,testcases4_Followup418,280,18,45,0.026905875850224907
1489,testcases4_Followup418,294,20,52,0.3542194676993153
1490,testcases4_Followup418,266,16,59,0.487374751409093
1491,testcases4_Followup418,281,33,111,0.0
1492,testcases4_Followup418,150,15,52,0.0
1493,testcases4_Followup418,63,2,5,1.0
1494,testcases4_Followup418,66,3,6,0.0
1495,testcases4_Followup418,128,5,18,1.0583008518647408
1496,testcases4_Followup418,187,11,39,0.10726993984335441
1497,testcases4_Followup418,191,5,17,1.056506575129582
1498,testcases4_Followup418,292,36,105,0.0
1499,testcases4_Followup418,189,6,21,0.6523888773165551
1500,testcases4_Followup418,274,19,66,0.0
1501,testcases4_Followup418,148,4,14,0.16704497736778037
1502,testcases4_Followup418,183,5,13,0.0
1503,testcases4_Followup418,67,4,5,0.0
1504,testcases4_Followup418,105,3,4,1.6329936599977806
1505,testcases4_Followup418,160,4,7,0.0
1506,testcases4_Followup418,75,6,27,1.0541725540050053
1507,testcases4_Followup418,182,30,119,0.4589637924141058
1508,testcases4_Followup418,68,5,15,0.0
1509,testcases4_Followup418,292,19,41,0.260975965096816
1510,testcases4_Followup418,155,3,14,0.0
1511,testcases4_Followup418,192,5,13,0.5716025840497805
1512,testcases4_Followup418,97,2,10,1.5211852922634483
1513,testcases4_Followup418,66,4,8,0.0
1514,testcases4_Followup418,163,17,49,0.4668207939437958
1515,testcases4_Followup418,121,6,13,1.1073918450821378
1516,testcases4_Followup418,125,4,10,0.0
1517,testcases4_Followup418,291,18,55,0.45505817847380187
1518,testcases4_Followup418,60,1,1,0.0
1519,testcases4_Followup418,93,4,16,1.0320512820512822
1520,testcases4_Followup418,167,18,63,0.6840217955276816
1521,testcases4_Followup418,73,3,10,0.6041666666666666
1522,testcases4_Followup418,268,52,113,0.1834498464263357
1523,testcases4_Followup418,143,5,16,0.2517882708414618
1524,testcases4_Followup418,177,5,7,0.7188600637451811
1525,testcases4_Followup418,149,11,35,0.041090088609048066
1526,testcases4_Followup418,125,3,5,0.3333333333333333
1527,testcases4_Followup418,63,3,9,0.0
1528,testcases4_Followup418,92,2,2,0.0
1529,testcases4_Followup418,159,18,67,0.05708946426356773
1530,testcases4_Followup418,60,1,1,1.0
1531,testcases4_Followup418,159,17,60,0.0
1532,testcases4_Followup418,229,4,22,1.067248565767969
1533,testcases4_Followup418,164,9,32,0.2876173941751416
1534,testcases4_Followup418,101,2,5,1.0
1535,testcases4_Followup418,119,2,6,1.1073918450821378
1536,testcases4_Followup418,94,4,11,0.3535533905932738
1537,testcases4_Followup418,158,14,43,1.0025482234001546
1538,testcases4_Followup418,294,65,178,0.010606830214485026
1539,testcases4_Followup418,196,25,77,0.38195377280006265
1540,testcases4_Followup418,173,4,9,0.0
1541,testcases4_Followup418,92,3,6,0.7173697436321165
1542,testcases4_Followup418,63,3,9,0.0
1543,testcases4_Followup418,64,3,3,0.0
1544,testcases4_Followup418,213,5,23,1.4079728678039718
1545,testcases4_Followup418,160,4,7,0.0
1546,testcases4_Followup418,166,14,51,0.12371791482634838
1547,testcases4_Followup418,155,3,14,0.0
1548,testcases4_Followup418,63,2,2,1.1353937645845438
1549,testcases4_Followup418,248,2,4,0.3320381114860527
1550,testcases4_Followup418,130,12,37,0.0
1551,testcases4_Followup418,60,1,3,0.0
1552,testcases4_Followup418,63,2,5,0.0
1553,testcases4_Followup418,183,5,13,0.0
1554,testcases4_Followup418,166,15,55,0.05516858614331843
1555,testcases4_Followup418,204,3,5,1.179122360197085
1556,testcases4_Followup418,90,5,12,1.0557691426936955
1557,testcases4_Followup418,117,5,12,0.2910553030018117
1558,testcases4_Followup418,294,15,56,0.0
1559,testcases4_Followup418,112,3,6,1.0440767006859784
1560,testcases4_Followup418,166,14,51,0.0
1561,testcases4_Followup418,66,3,6,0.0
1562,testcases4_Followup418,150,8,36,0.0
1563,testcases4_Followup418,67,4,5,0.42793106921559226
1564,testcases4_Followup418,130,11,35,0.0
1565,testcases4_Followup418,193,5,5,0.0
1566,testcases4_Followup418,291,18,55,0.0
1567,testcases4_Followup418,265,9,25,0.0
1568,testcases4_Followup418,273,11,28,1.0031041849459175
1569,testcases4_Followup418,68,5,15,0.0
1570,testcases4_Followup418,67,4,5,0.0
1571,testcases4_Followup418,171,13,43,1.0
1572,testcases4_Followup418,182,5,9,0.2
1573,testcases4_Followup418,297,12,36,1.0101494602279955
1574,testcases4_Followup418,172,4,5,0.8746867706515556
1575,testcases4_Followup418,291,18,55,0.20030840419244386
1576,testcases4_Followup418,183,5,13,0.0
1577,testcases4_Followup418,67,4,19,0.0
1578,testcases4_Followup418,111,3,4,0.0
1579,testcases4_Followup418,218,16,47,0.0
1580,testcases4_Followup418,265,9,25,1.0
1581,testcases4_Followup418,64,5,20,0.0
1582,testcases4_Followup418,79,6,14,1.1243545617409139
1583,testcases4_Followup418,272,10,27,0.0
1584,testcases4_Followup418,83,2,3,0.8902079285799019
1585,testcases4_Followup418,155,3,14,0.0
1586,testcases4_Followup418,103,5,8,0.6878787878787879
1587,testcases4_Followup418,291,18,55,0.0
1588,testcases4_Followup418,160,4,7,0.0
1589,testcases4_Followup418,68,4,15,0.0
1590,testcases4_Followup418,173,11,32,0.0
1591,testcases4_Followup418,67,4,4,0.46368092477478523
1592,testcases4_Followup418,182,5,9,0.565685424949238
1593,testcases4_Followup418,92,2,2,0.0
1594,testcases4_Followup418,277,36,95,0.19419403278755046
1595,testcases4_Followup418,172,4,5,0.9682458365518543
1596,testcases4_Followup418,150,8,36,0.0
1597,testcases4_Followup418,68,5,15,0.34641016151377546
1598,testcases4_Followup418,263,19,61,0.06131685926734921
1599,testcases4_Followup418,68,5,15,0.0
1600,testcases4_Followup418,302,21,58,0.3265622842400304
1601,testcases4_Followup418,175,29,115,0.38095016146190913
1602,testcases4_Followup418,327,65,213,1.052032871714765
1603,testcases4_Followup418,63,2,5,0.4876958296133177
1604,testcases4_Followup418,120,4,11,0.7055272815143522
1605,testcases4_Followup418,291,42,158,1.0121148241348705
1606,testcases4_Followup418,259,15,57,0.45505817847380187
1607,testcases4_Followup418,195,7,18,1.1200463609624507
1608,testcases4_Followup418,65,3,6,0.43501277120460624
1609,testcases4_Followup418,109,6,11,0.7858187520739824
1610,testcases4_Followup418,60,1,1,0.0
1611,testcases4_Followup418,164,6,14,1.0
1612,testcases4_Followup418,67,5,11,0.0
1613,testcases4_Followup418,68,5,15,0.0
1614,testcases4_Followup418,145,8,25,0.1289873307014355
1615,testcases4_Followup418,222,6,11,1.4767189704485364
1616,testcases4_Followup418,163,10,34,0.05517359156595994
1617,testcases4_Followup418,252,2,7,1.0607087578010168
1618,testcases4_Followup418,101,2,5,1.0
1619,testcases4_Followup418,194,5,8,0.264127833084999
1620,testcases4_Followup418,64,3,3,0.3656235161413384
1621,testcases4_Followup418,84,5,11,0.45210618221829263
1622,testcases4_Followup418,92,2,2,0.5
1623,testcases4_Followup418,208,4,15,1.172674918710513
1624,testcases4_Followup418,60,1,1,1.0
1625,testcases4_Followup418,125,3,5,0.3333333333333333
1626,testcases4_Followup418,177,21,76,0.3885862763820215
1627,testcases4_Followup418,220,5,5,1.1135528894823852
1628,testcases4_Followup418,67,2,5,1.0488088481701516
1629,testcases4_Followup418,173,4,9,0.13253715789150536
1630,testcases4_Followup418,284,13,53,1.096017451993432
1631,testcases4_Followup418,279,42,160,0.023812927329610337
1632,testcases4_Followup418,141,3,10,0.0
1633,testcases4_Followup418,64,3,3,0.0
1634,testcases4_Followup418,299,64,220,0.0
1635,testcases4_Followup418,67,4,19,0.264575131106459
1636,testcases4_Followup418,176,30,111,0.0
1637,testcases4_Followup418,176,31,118,0.03991641312791639
1638,testcases4_Followup418,172,4,5,0.40629662409728073
1639,testcases4_Followup418,67,4,19,0.0
1640,testcases4_Followup418,182,5,9,0.2
1641,testcases4_Followup418,95,4,17,0.5275145542430764
1642,testcases4_Followup418,64,5,20,0.5196152422706632
1643,testcases4_Followup418,68,4,15,0.505372372185007
1644,testcases4_Followup418,164,9,32,0.0
1645,testcases4_Followup418,224,5,12,1.5041182843284675
1646,testcases4_Followup418,155,3,14,0.0
1647,testcases4_Followup418,67,4,4,0.0
1648,testcases4_Followup418,273,37,98,0.3750984637608561
1649,testcases4_Followup418,160,4,7,0.0
1650,testcases4_Followup418,68,5,15,0.0
1651,testcases4_Followup418,241,6,13,1.5724147105821749
1652,testcases4_Followup418,183,5,13,0.0
1653,testcases4_Followup418,163,9,31,0.0
1654,testcases4_Followup418,275,15,42,0.27661915838280654
1655,testcases4_Followup418,81,5,13,1.099438696356695
1656,testcases4_Followup418,77,2,6,0.8358199814088642
1657,testcases4_Followup418,174,4,10,0.7455467846200293
1658,testcases4_Followup418,213,2,8,1.1833645095658396
1659,testcases4_Followup418,63,2,5,0.0
1660,testcases4_Followup418,60,1,1,1.0
1661,testcases4_Followup418,254,4,16,1.1873606276209
1662,testcases4_Followup418,92,2,2,0.5
1663,testcases4_Followup418,182,31,87,0.6018526587208547
1664,testcases4_Followup418,154,5,10,0.31640291295135026
1665,testcases4_Followup418,67,5,11,0.0
1666,testcases4_Followup418,125,3,5,0.3333333333333333
1667,testcases4_Followup418,117,5,12,1.0093823644298061
1668,testcases4_Followup418,281,33,111,1.0
1669,testcases4_Followup418,244,17,51,0.05893910342532957
1670,testcases4_Followup418,101,2,5,1.0
1671,testcases4_Followup418,111,4,16,0.0
1672,testcases4_Followup418,193,2,6,0.4859830282379615
1673,testcases4_Followup418,67,5,11,0.34641016151377546
1674,testcases4_Followup418,216,5,20,0.0
1675,testcases4_Followup418,63,2,5,0.0
1676,testcases4_Followup418,114,3,7,0.0
1677,testcases4_Followup418,228,17,50,2.0616594849138075
1678,testcases4_Followup418,259,15,57,0.2666666666666667
1679,testcases4_Followup418,174,23,89,0.0
1680,testcases4_Followup418,82,2,5,0.8660254037844386
1681,testcases4_Followup418,117,5,12,0.0
1682,testcases4_Followup418,274,53,121,0.2161397761296183
1683,testcases4_Followup418,64,3,3,0.0
1684,testcases4_Followup418,116,3,9,2.1082430090170927
1685,testcases4_Followup418,173,10,30,0.0
1686,testcases4_Followup418,60,1,1,0.0
1687,testcases4_Followup418,60,1,3,0.0
1688,testcases4_Followup418,72,3,5,1.0000781219484807
1689,testcases4_Followup418,173,11,40,0.29046569320755705
1690,testcases4_Followup418,67,4,5,0.0
1691,testcases4_Followup418,193,5,5,1.0
1692,testcases4_Followup418,97,3,6,1.0277747444493648
1693,testcases4_Followup418,66,4,8,0.44292274219727706
1694,testcases4_Followup418,177,30,122,0.3600814579535484
1695,testcases4_Followup418,66,3,6,0.0
1696,testcases4_Followup418,197,31,112,0.37413267515151444
1697,testcases4_Followup418,87,6,24,0.7180703308172536
1698,testcases4_Followup418,195,4,13,1.0103874824232324
1699,testcases4_Followup418,141,3,10,0.6206769704322191
1700,testcases4_Followup418,159,4,14,1.0
1701,testcases4_Followup418,69,2,3,0.7071067811865476
1702,testcases4_Followup418,192,15,54,0.48940436189995223
1703,testcases4_Followup418,60,1,1,0.0
1704,testcases4_Followup418,92,2,2,0.0
1705,testcases4_Followup418,116,5,8,1.0440767006859784
1706,testcases4_Followup418,67,4,19,0.0
1707,testcases4_Followup418,294,20,52,0.0
1708,testcases4_Followup418,172,9,39,0.2234547660168221
1709,testcases4_Followup418,78,5,23,0.8358199814088642
1710,testcases4_Followup418,127,5,13,1.0583008518647408
1711,testcases4_Followup418,147,2,3,0.5528669250151106
1712,testcases4_Followup418,276,19,98,1.0
1713,testcases4_Followup418,163,4,13,0.845530166595312
1714,testcases4_Followup418,60,1,3,0.0
1715,testcases4_Followup418,315,10,39,0.40494356389604264
1716,testcases4_Followup418,317,60,210,1.0017821490373655
1717,testcases4_Followup418,63,3,9,0.0
1718,testcases4_Followup418,296,35,117,0.03601496005969558
1719,testcases4_Followup418,183,5,13,0.35909732526557353
1720,testcases4_Followup418,63,2,5,1.0
1721,testcases4_Followup418,236,2,7,1.3228756569566194
1722,testcases4_Followup418,72,5,13,0.5802298395176404
1723,testcases4_Followup418,60,1,3,0.0
1724,testcases4_Followup418,263,18,59,0.0
1725,testcases4_Followup418,67,4,5,0.0
1726,testcases4_Followup418,173,4,9,0.0
1727,testcases4_Followup418,240,4,11,1.118033995343684
1728,testcases4_Followup418,61,2,3,0.0
1729,testcases4_Followup418,137,6,26,1.323774730077018
1730,testcases4_Followup418,223,6,8,1.1728556986232785
1731,testcases4_Followup418,216,5,20,0.0
1732,testcases4_Followup418,125,5,14,0.20044395171163878
1733,testcases4_Followup418,66,3,6,0.0
1734,testcases4_Followup418,182,5,9,0.0
1735,testcases4_Followup418,273,12,36,0.105878233521234
1736,testcases4_Followup418,67,5,11,0.0
1737,testcases4_Followup418,89,2,7,0.9202958461519015
1738,testcases4_Followup418,68,5,15,0.0
1739,testcases4_Followup418,269,12,50,1.0
1740,testcases4_Followup418,148,3,7,0.6603321808041933
1741,testcases4_Followup418,77,2,8,1.0749104338273958
1742,testcases4_Followup418,125,4,10,0.0
1743,testcases4_Followup418,172,28,70,0.20516295166207246
1744,testcases4_Followup418,68,5,15,0.0
1745,testcases4_Followup418,62,2,3,0.7071067811865476
1746,testcases4_Followup418,176,10,29,0.3449156975550265
1747,testcases4_Followup418,66,4,8,0.0
1748,testcases4_Followup418,173,3,10,0.43751488659722965
1749,testcases4_Followup418,172,29,74,0.0
1750,testcases4_Followup418,92,2,2,0.0
1751,testcases4_Followup418,164,9,32,0.0
1752,testcases4_Followup418,118,6,18,1.0000012584303473
1753,testcases4_Followup418,159,9,39,0.12005600058149014
1754,testcases4_Followup418,172,4,5,0.0
1755,testcases4_Followup418,147,2,7,0.6617727807158579
1756,testcases4_Followup418,149,10,34,0.0
1757,testcases4_Followup418,159,4,14,1.0
1758,testcases4_Followup418,172,28,70,0.0
1759,testcases4_Followup418,60,1,1,0.0
1760,testcases4_Followup418,160,4,7,0.0
1761,testcases4_Followup418,171,27,114,0.0
1762,testcases4_Followup418,93,4,4,1.1456478595218673
1763,testcases4_Followup418,280,18,82,1.0089395000440158
1764,testcases4_Followup418,64,3,3,0.19094065395649334
1765,testcases4_Followup418,159,3,8,1.0308289111471063
1766,testcases4_Followup418,193,5,5,1.0
1767,testcases4_Followup418,315,19,45,1.0000000416995165
1768,testcases4_Followup418,141,3,10,0.4168181351586512
1769,testcases4_Followup418,176,30,111,0.17904307294663577
1770,testcases4_Followup418,129,4,17,0.2889999754341915
1771,testcases4_Followup418,278,38,132,0.3235550702684281
1772,testcases4_Followup418,164,9,32,1.040540131581718
1773,testcases4_Followup418,179,29,76,1.0649590021550714
1774,testcases4_Followup418,179,5,7,0.4344714399114923
1775,testcases4_Followup418,182,5,9,0.0
1776,testcases4_Followup418,166,5,11,0.6225651322334294
1777,testcases4_Followup418,123,5,20,1.2879086109651348
1778,testcases4_Followup418,177,5,8,0.5775063096460475
1779,testcases4_Followup418,63,3,9,0.0
1780,testcases4_Followup418,300,20,100,1.0295630702724958
1781,testcases4_Followup418,112,5,10,1.0457897823470328
1782,testcases4_Followup418,173,4,9,0.0
1783,testcases4_Followup418,176,14,61,0.36600169435196356
1784,testcases4_Followup418,63,2,5,0.0
1785,testcases4_Followup418,60,1,3,0.0
1786,testcases4_Followup418,216,5,20,0.0
1787,testcases4_Followup418,292,36,105,0.20162299076292772
1788,testcases4_Followup418,251,2,4,1.5265142744745162
1789,testcases4_Followup418,68,5,15,0.0
1790,testcases4_Followup418,147,2,9,0.6008854525049979
1791,testcases4_Followup418,67,4,5,0.42793106921559226
1792,testcases4_Followup418,186,5,12,1.0583005605189093
1793,testcases4_Followup418,66,3,6,0.0
1794,testcases4_Followup418,150,9,37,0.16751023448239544
1795,testcases4_Followup418,282,13,53,0.4599062525944732
1796,testcases4_Followup418,117,5,12,0.6361707234740345
1797,testcases4_Followup418,168,10,33,0.4377509685995972
1798,testcases4_Followup418,277,37,100,0.02610770921053712
1799,testcases4_Followup418,180,21,75,0.20620174117302695
1800,testcases4_Followup418,125,3,5,0.0
1801,testcases4_Followup418,68,5,15,0.0
1802,testcases4_Followup418,297,47,178,0.0
1803,testcases4_Followup418,146,4,13,0.2510547179331344
1804,testcases4_Followup418,281,19,66,1.0000000723388212
1805,testcases4_Followup418,216,5,20,0.0
1806,testcases4_Followup418,111,3,4,0.0
1807,testcases4_Followup418,67,4,19,0.0
1808,testcases4_Followup418,261,14,35,1.039075039140559
1809,testcases4_Followup418,173,4,9,0.0
1810,testcases4_Followup418,193,2,5,0.4501115590234947
1811,testcases4_Followup418,81,5,25,0.39999999999999997
1812,testcases4_Followup418,273,37,98,0.0
1813,testcases4_Followup418,173,11,34,0.0
1814,testcases4_Followup418,68,4,15,0.0
1815,testcases4_Followup418,291,10,32,0.0839922089095694
1816,testcases4_Followup418,177,5,8,0.40753817820243143
1817,testcases4_Followup418,138,2,4,0.7830563369347
1818,testcases4_Followup418,280,17,42,0.0
1819,testcases4_Followup418,64,5,20,0.0
1820,testcases4_Followup418,182,5,9,0.0
1821,testcases4_Followup418,83,2,5,1.046721070772916
1822,testcases4_Followup418,68,5,15,0.34641016151377546
1823,testcases4_Followup418,160,4,7,0.0
1824,testcases4_Followup418,274,20,69,0.0458798663455244
1825,testcases4_Followup418,278,38,132,0.0
1826,testcases4_Followup418,67,4,4,0.46368092477478523
1827,testcases4_Followup418,168,24,73,0.0
1828,testcases4_Followup418,63,2,5,0.4876958296133177
1829,testcases4_Followup418,286,18,49,1.0070585522381115
1830,testcases4_Followup418,198,2,8,0.774880712962478
1831,testcases4_Followup418,101,2,5,0.0
1832,testcases4_Followup418,71,6,9,1.0007393716352067
1833,testcases4_Followup418,69,5,12,0.1732050807568877
1834,testcases4_Followup418,100,3,6,1.4529674660272327
1835,testcases4_Followup418,67,4,5,0.0
1836,testcases4_Followup418,92,2,2,0.0
1837,testcases4_Followup418,173,10,32,0.25857023633494125
1838,testcases4_Followup418,281,38,101,0.15757873963802832
1839,testcases4_Followup418,180,3,4,1.0138263539678456
1840,testcases4_Followup418,274,17,46,0.14942628723081738
1841,testcases4_Followup418,297,47,178,0.11128202153347765
1842,testcases4_Followup418,167,5,17,0.5979683087103846
1843,testcases4_Followup418,282,18,38,0.0
1844,testcases4_Followup418,67,5,11,0.0
1845,testcases4_Followup418,64,3,3,0.3656235161413384
1846,testcases4_Followup418,177,4,10,0.3535533905932738
1847,testcases4_Followup418,141,3,10,0.16704497736778037
1848,testcases4_Followup418,298,19,45,0.058336642186370774
1849,testcases4_Followup418,149,10,34,0.0
1850,testcases4_Followup418,193,5,5,0.632916801551318
1851,testcases4_Followup418,249,12,51,1.0926285439833823
1852,testcases4_Followup418,197,3,4,0.9154623871699873
1853,testcases4_Followup418,72,2,11,1.1303032973593992
1854,testcases4_Followup418,183,5,13,0.0
1855,testcases4_Followup418,290,10,30,1.019686605606396
1856,testcases4_Followup418,60,1,1,0.0
1857,testcases4_Followup418,268,53,116,0.018867924528301886
1858,testcases4_Followup418,177,30,82,0.18970567130404772
1859,testcases4_Followup418,159,4,14,1.0
1860,testcases4_Followup418,168,24,73,0.18970567130404772
1861,testcases4_Followup418,267,17,79,0.2205418918198382
1862,testcases4_Followup418,292,36,105,0.0
1863,testcases4_Followup418,64,3,3,0.0
1864,testcases4_Followup418,210,2,8,1.118033988749895
1865,testcases4_Followup418,67,4,19,0.264575131106459
1866,testcases4_Followup418,276,18,47,1.0133869414623045
1867,testcases4_Followup418,269,12,50,0.0
1868,testcases4_Followup418,64,3,3,0.0
1869,testcases4_Followup418,159,17,60,1.0355135117097785
1870,testcases4_Followup418,64,5,20,0.0
1871,testcases4_Followup418,199,2,3,1.068801198570677
1872,testcases4_Followup418,252,12,36,0.2161397761296183
1873,testcases4_Followup418,164,9,32,0.15577860992011058
1874,testcases4_Followup418,261,14,35,0.2857142857142857
1875,testcases4_Followup418,60,1,1,0.0
1876,testcases4_Followup418,160,4,7,0.0
1877,testcases4_Followup418,68,4,15,0.3535533905932738
1878,testcases4_Followup418,135,16,46,0.0
1879,testcases4_Followup418,64,5,20,0.5196152422706632
1880,testcases4_Followup418,60,1,1,0.0
1881,testcases4_Followup418,171,11,48,0.0
1882,testcases4_Followup418,118,6,19,1.157724138732042
1883,testcases4_Followup418,155,4,10,1.0736085559552286
1884,testcases4_Followup418,68,5,15,0.0
1885,testcases4_Followup418,171,12,49,0.11089440590687484
1886,testcases4_Followup418,67,4,4,0.0
1887,testcases4_Followup418,182,5,9,0.0
1888,testcases4_Followup418,161,4,20,0.2872508538830656
1889,testcases4_Followup418,175,17,50,0.06456416543957545
1890,testcases4_Followup418,83,5,11,1.019803902718557
1891,testcases4_Followup418,63,2,5,0.0
1892,testcases4_Followup418,206,2,11,1.172674918710513
1893,testcases4_Followup418,216,5,20,0.0
1894,testcases4_Followup418,163,9,31,0.0
1895,testcases4_Followup418,298,59,203,0.0
1896,testcases4_Followup418,173,4,9,0.0
1897,testcases4_Followup418,117,5,12,1.184385387009242
1898,testcases4_Followup418,60,1,1,0.0
1899,testcases4_Followup418,214,6,22,0.3037430823423684
1900,testcases4_Followup418,62,2,5,0.125
1901,testcases4_Followup418,175,14,63,0.27169504651959786
1902,testcases4_Followup418,159,4,14,0.813157889716326
1903,testcases4_Followup418,155,3,14,0.0
1904,testcases4_Followup418,292,37,99,0.25523538416404895
1905,testcases4_Followup418,299,66,196,0.14132392504680022
1906,testcases4_Followup418,141,3,10,0.5770764925568562
1907,testcases4_Followup418,63,2,5,0.4697073557013984
1908,testcases4_Followup418,111,5,17,0.10057644009868906
1909,testcases4_Followup418,191,4,10,0.32308844826868066
1910,testcases4_Followup418,67,5,11,0.34641016151377546
1911,testcases4_Followup418,89,5,6,0.5373909773153993
1912,testcases4_Followup418,150,3,5,1.4423879621828748
1913,testcases4_Followup418,171,13,43,0.0
1914,testcases4_Followup418,193,5,5,0.48518010410854745
1915,testcases4_Followup418,171,14,48,0.08449839391344095
1916,testcases4_Followup418,64,3,3,0.0
1917,testcases4_Followup418,195,5,14,0.4668207939437958
1918,testcases4_Followup418,186,27,108,0.5800274470136364
1919,testcases4_Followup418,196,2,6,0.7144736452746598
1920,testcases4_Followup418,181,8,35,0.3012934554279244
1921,testcases4_Followup418,173,10,30,0.0
1922,testcases4_Followup418,92,2,2,0.0
1923,testcases4_Followup418,231,6,21,0.7760508200391562
1924,testcases4_Followup418,301,65,181,0.7823177467261069
