,time,rate
0,54015.0,0.4117647058823529
1,61690.0,0.23529411764705882
2,57319.0,0.20588235294117646
3,59096.0,0.21212121212121213
4,58661.0,0.21212121212121213
5,59348.0,0.21212121212121213
6,55577.0,0.21212121212121213
7,56285.0,0.75
8,57262.0,0.21212121212121213
9,57145.0,0.21212121212121213
10,56861.0,0.21212121212121213
11,55332.0,0.21212121212121213
12,59120.0,0.21212121212121213
13,56098.0,0.21212121212121213
14,63852.0,0.7407407407407407
15,62456.0,0.4642857142857143
16,59522.0,0.21212121212121213
17,57323.0,0.4642857142857143
18,57052.0,0.21212121212121213
19,57542.0,0.21212121212121213
20,56819.0,0.21212121212121213
21,57176.0,0.21212121212121213
22,57046.0,0.21212121212121213
23,56062.0,0.23529411764705882
24,54792.0,1.0
25,56856.0,0.3333333333333333
26,57007.0,0.1724137931034483
27,46704.0,0.1724137931034483
28,55968.0,0.2857142857142857
29,56034.0,0.2413793103448276
30,55066.0,0.17857142857142858
31,55184.0,0.18518518518518517
32,55566.0,0.3333333333333333
33,55266.0,0.25
34,55287.0,0.25925925925925924
35,55802.0,0.2222222222222222
36,54744.0,0.18518518518518517
37,54815.0,0.18518518518518517
38,54636.0,0.18518518518518517
39,56846.0,0.18518518518518517
40,55455.0,0.18518518518518517
41,54860.0,0.18518518518518517
42,59311.0,0.14285714285714285
43,56715.0,0.07407407407407407
44,60127.0,0.14285714285714285
45,55875.0,0.07407407407407407
46,56625.0,0.07407407407407407
47,57288.0,0.07407407407407407
48,58013.0,0.07407407407407407
49,58233.0,0.07407407407407407
50,59629.0,0.7037037037037037
51,57176.0,0.07407407407407407
52,58800.0,0.23076923076923078
53,56648.0,0.23076923076923078
54,58936.0,0.19230769230769232
55,58366.0,0.19230769230769232
56,57479.0,0.19230769230769232
57,56434.0,0.2222222222222222
58,55779.0,0.07407407407407407
59,56291.0,0.07407407407407407
60,55118.0,0.10714285714285714
61,56191.0,0.38461538461538464
62,58960.0,0.15384615384615385
63,53569.0,0.11538461538461539
64,54525.0,0.11538461538461539
65,54847.0,0.5
66,56479.0,0.11538461538461539
67,56228.0,0.23076923076923078
68,56895.0,0.11538461538461539
69,57849.0,0.4074074074074074
70,55684.0,0.15384615384615385
71,56832.0,0.38461538461538464
72,56787.0,0.5416666666666666
73,55832.0,0.15384615384615385
74,56581.0,0.11538461538461539
75,57678.0,0.15384615384615385
76,55956.0,0.25
77,55374.0,0.11538461538461539
78,56203.0,0.52
79,55966.0,0.0625
80,56602.0,0.3125
81,56065.0,0.3125
82,54675.0,0.0625
83,56457.0,0.0625
84,56784.0,0.0
85,57479.0,0.0625
86,55928.0,0.47058823529411764
87,55226.0,0.125
88,57122.0,0.22727272727272727
89,55216.0,0.043478260869565216
90,47346.0,0.043478260869565216
91,57065.0,0.23809523809523808
92,55495.0,0.043478260869565216
93,57675.0,0.08695652173913043
94,58674.0,0.08695652173913043
95,56260.0,0.08695652173913043
96,56277.0,0.08695652173913043
97,55849.0,0.08695652173913043
98,57525.0,0.08695652173913043
99,57199.0,0.08695652173913043
100,57533.0,0.08695652173913043
101,56234.0,0.043478260869565216
102,57310.0,0.08695652173913043
103,55042.0,0.043478260869565216
104,58740.0,0.13636363636363635
105,57275.0,0.043478260869565216
106,57381.0,0.043478260869565216
107,54977.0,0.043478260869565216
108,56751.0,0.043478260869565216
109,55845.0,0.043478260869565216
110,55593.0,0.043478260869565216
111,56448.0,0.08333333333333333
112,54984.0,0.7727272727272727
113,60208.0,0.058823529411764705
114,57267.0,0.058823529411764705
115,55620.0,0.058823529411764705
116,58901.0,0.058823529411764705
117,58937.0,0.05555555555555555
118,56140.0,0.058823529411764705
119,55691.0,0.21052631578947367
120,57733.0,0.058823529411764705
121,58286.0,0.058823529411764705
122,56852.0,0.058823529411764705
123,57101.0,0.058823529411764705
124,57786.0,0.058823529411764705
125,56426.0,0.058823529411764705
126,55928.0,0.058823529411764705
127,55639.0,0.058823529411764705
128,55465.0,0.058823529411764705
129,55051.0,0.058823529411764705
130,56054.0,0.058823529411764705
131,55599.0,0.058823529411764705
132,57499.0,0.058823529411764705
133,56626.0,0.058823529411764705
134,56810.0,0.058823529411764705
135,57451.0,0.058823529411764705
136,55204.0,0.058823529411764705
137,59205.0,0.058823529411764705
138,55891.0,0.058823529411764705
139,54746.0,0.058823529411764705
140,58926.0,0.058823529411764705
141,55244.0,0.058823529411764705
142,59072.0,0.058823529411764705
143,55361.0,0.058823529411764705
144,55764.0,0.058823529411764705
145,55504.0,0.058823529411764705
146,57234.0,0.058823529411764705
147,59402.0,0.058823529411764705
148,57595.0,0.058823529411764705
149,54665.0,0.058823529411764705
150,54963.0,0.058823529411764705
151,57158.0,0.058823529411764705
152,55782.0,0.058823529411764705
153,56015.0,0.058823529411764705
154,58444.0,0.058823529411764705
155,57466.0,0.058823529411764705
156,55925.0,0.058823529411764705
157,60362.0,0.058823529411764705
158,55544.0,0.058823529411764705
159,59936.0,0.058823529411764705
160,58425.0,0.058823529411764705
161,54629.0,0.058823529411764705
162,57069.0,0.058823529411764705
163,55960.0,0.058823529411764705
164,54810.0,0.058823529411764705
165,89267.0,0.8461538461538461
166,66316.0,0.8333333333333334
167,69960.0,0.6
168,81661.0,0.5
169,73960.0,0.75
170,67940.0,0.75
171,68607.0,0.75
172,76760.0,0.75
173,69185.0,0.75
174,76132.0,0.75
175,69009.0,0.75
176,73102.0,0.75
177,66652.0,0.75
178,76261.0,0.8
179,78861.0,0.6
180,67142.0,0.6
181,70792.0,0.6
182,72459.0,0.6
183,78085.0,0.6
184,71082.0,0.8
185,69089.0,0.8
186,69277.0,0.8
187,78369.0,0.8
188,70898.0,0.6
189,76544.0,0.6
190,73845.0,0.6
191,69986.0,0.6
192,87494.0,0.8
193,70975.0,0.8
194,69501.0,0.8
195,57791.0,0.25
196,58272.0,0.0625
197,59378.0,0.0625
198,59461.0,0.0625
199,26714.0,0.391304347826087
200,55796.0,0.2
201,55549.0,0.32
202,55148.0,0.23076923076923078
203,54769.0,0.24
204,55886.0,0.16
205,54746.0,0.16
206,55007.0,0.16
207,56490.0,0.28
208,56815.0,0.16
209,58401.0,0.16
210,57141.0,0.16
211,55444.0,0.16
212,56187.0,0.16
213,56058.0,0.2
214,57460.0,0.19230769230769232
215,56933.0,0.16
216,55591.0,0.16
217,56181.0,0.23076923076923078
218,56302.0,0.23076923076923078
219,58132.0,0.32
220,56296.0,0.2
221,55994.0,0.2
222,55000.0,0.24
223,55643.0,0.8095238095238095
224,56173.0,0.1875
225,56909.0,0.2903225806451613
226,55612.0,0.06666666666666667
227,55065.0,0.06896551724137931
228,57149.0,0.06896551724137931
229,55239.0,0.2
230,55366.0,0.10344827586206896
231,54572.0,0.06896551724137931
232,55394.0,0.06896551724137931
233,52542.0,0.06896551724137931
234,56015.0,0.06896551724137931
235,55690.0,0.06896551724137931
236,57036.0,0.06896551724137931
237,55209.0,0.10344827586206896
238,56147.0,0.358974358974359
239,56578.0,0.16129032258064516
240,56853.0,0.21875
241,57649.0,0.13333333333333333
242,55842.0,0.1935483870967742
243,54977.0,0.16129032258064516
244,56927.0,0.10344827586206896
245,57194.0,0.26666666666666666
246,56461.0,0.10344827586206896
247,56371.0,0.10344827586206896
248,56300.0,0.06896551724137931
249,54924.0,1.0
250,54366.0,0.2962962962962963
251,56452.0,0.40625
252,57172.0,0.1724137931034483
253,55581.0,0.06666666666666667
254,56199.0,0.1724137931034483
255,54933.0,0.28125
256,56793.0,0.3
257,56397.0,0.06666666666666667
258,55397.0,0.1
259,57078.0,0.2413793103448276
260,56501.0,0.13793103448275862
261,55648.0,0.13793103448275862
262,56294.0,0.13793103448275862
263,54539.0,0.1724137931034483
264,58622.0,0.3448275862068966
265,55235.0,0.1724137931034483
266,57416.0,0.46875
267,55602.0,0.22580645161290322
268,55403.0,0.2413793103448276
269,55937.0,0.5625
270,55423.0,0.1724137931034483
271,54752.0,0.1724137931034483
272,57241.0,0.1724137931034483
273,56225.0,1.0
274,56442.0,0.3103448275862069
275,57982.0,0.1724137931034483
276,55408.0,0.1724137931034483
277,57793.0,0.1724137931034483
278,56233.0,1.0
279,56108.0,0.20689655172413793
280,54467.0,0.3870967741935484
281,54878.0,0.3225806451612903
282,55301.0,0.42857142857142855
283,55351.0,0.8275862068965517
284,56343.0,0.3870967741935484
285,55497.0,0.3333333333333333
286,56933.0,0.09090909090909091
287,56140.0,0.09090909090909091
288,56324.0,0.09090909090909091
289,56619.0,0.09090909090909091
290,56949.0,0.09090909090909091
291,54743.0,0.09090909090909091
292,55381.0,0.09090909090909091
293,55231.0,0.09090909090909091
294,58788.0,0.09090909090909091
295,56708.0,0.09090909090909091
296,55235.0,0.09090909090909091
297,56380.0,1.0
298,57278.0,0.09090909090909091
299,56830.0,0.09090909090909091
300,58512.0,0.09090909090909091
301,56065.0,0.09090909090909091
302,54973.0,0.09090909090909091
303,55133.0,0.09090909090909091
304,57228.0,0.09090909090909091
305,56682.0,0.35
306,57808.0,0.09090909090909091
307,58991.0,0.45454545454545453
308,54944.0,0.09090909090909091
309,55498.0,0.13636363636363635
310,59530.0,0.09090909090909091
311,55398.0,0.22727272727272727
312,59386.0,0.38095238095238093
313,59732.0,0.09090909090909091
314,58649.0,0.13636363636363635
315,55482.0,0.13636363636363635
316,57654.0,0.09090909090909091
317,55777.0,0.09090909090909091
318,56754.0,0.09090909090909091
319,54796.0,0.09090909090909091
320,55659.0,0.09090909090909091
321,57263.0,0.09090909090909091
322,57703.0,0.09090909090909091
323,58031.0,0.09090909090909091
324,55781.0,0.09090909090909091
325,54602.0,0.09090909090909091
326,58269.0,0.13636363636363635
327,55101.0,0.5625
328,58743.0,0.19047619047619047
329,58363.0,0.38095238095238093
330,55248.0,0.19047619047619047
331,55519.0,0.38095238095238093
332,56575.0,0.3181818181818182
333,57504.0,0.09090909090909091
334,56944.0,0.5294117647058824
335,57036.0,0.3125
336,55872.0,0.3125
337,55642.0,0.4090909090909091
338,55467.0,0.16
339,56218.0,0.08
340,56105.0,0.08
341,57061.0,0.08
342,56827.0,0.08
343,56142.0,0.12
344,56698.0,0.12
345,55508.0,0.20833333333333334
346,55729.0,0.20833333333333334
347,55222.0,0.08
348,57417.0,0.08
349,55517.0,0.08
350,57719.0,0.28
351,57578.0,0.12
352,57496.0,0.12
353,57514.0,0.08
354,56740.0,0.12
355,56050.0,0.8181818181818182
356,55736.0,0.391304347826087
357,59865.0,0.6086956521739131
358,57295.0,0.24
359,55203.0,0.2692307692307692
360,57163.0,0.09523809523809523
361,55005.0,0.09523809523809523
362,56109.0,0.09523809523809523
363,55111.0,0.09523809523809523
364,55713.0,0.95
365,56776.0,1.0
366,55320.0,0.42857142857142855
367,55483.0,0.09523809523809523
368,56715.0,0.09523809523809523
369,58229.0,0.09523809523809523
370,55754.0,0.34782608695652173
371,54885.0,0.14285714285714285
372,55713.0,0.09523809523809523
373,54919.0,0.09523809523809523
374,55467.0,0.09523809523809523
375,49913.0,0.14285714285714285
376,55512.0,0.14285714285714285
377,55124.0,0.14285714285714285
378,55909.0,0.14285714285714285
379,57549.0,0.14285714285714285
380,55230.0,0.38095238095238093
381,57067.0,0.375
382,55425.0,0.3181818181818182
383,57791.0,0.2727272727272727
384,55513.0,0.3181818181818182
385,55121.0,0.3181818181818182
386,54995.0,0.3181818181818182
387,55677.0,0.4090909090909091
388,56637.0,0.18181818181818182
389,55283.0,0.23809523809523808
390,57704.0,0.23809523809523808
391,55809.0,0.23809523809523808
392,56106.0,0.23809523809523808
393,56977.0,0.23809523809523808
394,56171.0,0.19047619047619047
395,55455.0,0.19047619047619047
396,55837.0,0.25
397,57539.0,0.1
398,55027.0,0.1
399,56426.0,0.2
400,56560.0,0.1
401,56368.0,0.15
402,56321.0,0.15
403,57113.0,1.0
404,55772.0,0.15
405,55973.0,0.15
406,54324.0,0.10526315789473684
407,56279.0,0.10526315789473684
408,55723.0,0.10526315789473684
409,55423.0,0.10526315789473684
410,54726.0,0.05263157894736842
411,55933.0,0.05263157894736842
412,55061.0,0.05263157894736842
413,55045.0,0.16666666666666666
414,56392.0,0.5555555555555556
415,56877.0,0.2222222222222222
416,59151.0,0.16666666666666666
417,58001.0,0.16666666666666666
418,57991.0,0.16666666666666666
419,57144.0,0.16666666666666666
420,57406.0,0.30434782608695654
421,52799.0,0.28
422,55223.0,0.17391304347826086
423,55619.0,0.13043478260869565
424,55747.0,0.17391304347826086
425,54952.0,0.21739130434782608
426,54792.0,0.17391304347826086
427,56860.0,0.17391304347826086
428,55947.0,0.21739130434782608
429,55625.0,0.21739130434782608
430,55825.0,0.21739130434782608
431,56378.0,0.21739130434782608
432,54397.0,0.17391304347826086
433,56831.0,0.21739130434782608
434,58341.0,0.21739130434782608
435,55922.0,0.21739130434782608
436,54703.0,0.47058823529411764
437,56221.0,0.2222222222222222
438,55495.0,0.2222222222222222
439,55987.0,0.2222222222222222
440,55241.0,0.2222222222222222
441,55789.0,0.6111111111111112
442,56008.0,0.2222222222222222
443,56096.0,0.2222222222222222
444,56267.0,0.29411764705882354
445,54965.0,0.4838709677419355
446,55474.0,0.1111111111111111
447,56268.0,0.1111111111111111
448,54663.0,0.1111111111111111
449,55613.0,0.4074074074074074
450,55684.0,0.1111111111111111
451,55440.0,0.1111111111111111
452,54296.0,0.1111111111111111
453,56141.0,0.1111111111111111
454,56075.0,0.1111111111111111
455,54075.0,0.1111111111111111
456,54902.0,0.14814814814814814
457,55273.0,0.04
458,55029.0,0.04
459,55178.0,0.16
460,55870.0,0.08
461,56318.0,0.08
462,54866.0,0.16
463,56593.0,0.08
464,56346.0,0.08
465,55052.0,0.24
466,55281.0,0.08
467,54741.0,0.08
468,55013.0,0.08
469,55235.0,0.38461538461538464
470,55230.0,0.08333333333333333
471,54526.0,0.4782608695652174
472,55852.0,0.34615384615384615
473,56731.0,0.36
474,56248.0,0.12
475,53931.0,0.12
476,54719.0,0.24
477,54731.0,0.44
478,57279.0,0.16666666666666666
479,54555.0,0.20833333333333334
480,59499.0,0.16666666666666666
481,55333.0,0.25925925925925924
482,55763.0,0.09523809523809523
483,60023.0,0.23529411764705882
484,59818.0,0.0
485,59713.0,0.0
486,58394.0,0.0
487,58425.0,0.0
488,59343.0,0.0
489,56948.0,0.0
490,57607.0,0.0
491,60053.0,0.0
492,59687.0,0.0
493,58488.0,0.0
494,57968.0,0.0
495,56272.0,0.0
496,58928.0,0.0
497,57293.0,0.0
498,57621.0,0.0
499,57252.0,0.0
500,41061.0,0.0
501,55410.0,0.0
502,58651.0,0.0
503,58599.0,0.0
504,57082.0,0.0
505,57174.0,0.0
506,58099.0,0.0
507,56888.0,0.0
508,58128.0,0.0
509,56320.0,0.0
510,56967.0,0.0
511,57116.0,0.17647058823529413
512,57651.0,0.0
513,59973.0,0.0
514,59809.0,0.0
515,56445.0,0.0
516,56852.0,0.23529411764705882
517,56918.0,0.0
518,60585.0,0.47058823529411764
519,60259.0,0.0
520,57830.0,0.0
521,57215.0,0.16666666666666666
522,57426.0,0.1111111111111111
523,58376.0,0.3333333333333333
524,57954.0,0.1111111111111111
525,56184.0,0.16666666666666666
526,58095.0,0.0
527,57598.0,0.0625
528,59719.0,0.5882352941176471
529,58747.0,0.0
530,58977.0,0.1875
531,60587.0,0.125
532,57084.0,0.125
533,60123.0,0.0625
534,58516.0,0.0625
535,57978.0,0.0625
536,58294.0,0.0625
537,57448.0,0.10526315789473684
538,55894.0,0.10526315789473684
539,56022.0,0.10526315789473684
540,57552.0,0.10526315789473684
541,55672.0,0.2222222222222222
542,55583.0,0.10526315789473684
543,55318.0,0.05555555555555555
544,60600.0,0.05555555555555555
545,60342.0,0.05555555555555555
546,57087.0,0.05555555555555555
547,55110.0,0.05555555555555555
548,57306.0,0.05555555555555555
549,58710.0,0.0
550,57213.0,0.058823529411764705
551,58490.0,0.0
552,55836.0,0.0
553,56319.0,0.0
554,55172.0,0.05555555555555555
555,56866.0,0.0
556,55438.0,0.0
557,55614.0,0.0
558,60094.0,0.1111111111111111
559,62519.0,0.0
560,58232.0,0.0
561,58126.0,0.4444444444444444
562,55307.0,0.2222222222222222
563,57525.0,0.0
564,55277.0,0.0
565,54597.0,0.5
566,56057.0,0.0
567,56698.0,0.0
568,58950.0,0.0
569,58668.0,0.6666666666666666
570,57248.0,0.0
571,55805.0,0.0
572,55795.0,0.0
573,57999.0,0.0
574,57383.0,0.0
575,61076.0,0.0
576,63251.0,0.0
577,57424.0,0.0
578,56315.0,0.0
579,55751.0,0.0
580,55095.0,0.0
581,58736.0,0.0
582,56508.0,0.1111111111111111
583,56255.0,0.05555555555555555
584,55363.0,0.05555555555555555
585,55559.0,0.2222222222222222
586,56532.0,0.05555555555555555
587,55642.0,0.058823529411764705
588,56440.0,0.058823529411764705
589,55607.0,0.3157894736842105
590,57722.0,0.05263157894736842
591,54743.0,0.05263157894736842
592,56278.0,0.15789473684210525
593,58228.0,0.15789473684210525
594,57512.0,0.05263157894736842
595,55624.0,0.3333333333333333
596,55656.0,0.3125
597,55363.0,0.0625
598,54322.0,0.0625
599,56427.0,0.7333333333333333
600,57556.0,0.0625
601,57522.0,0.0625
602,55287.0,0.3333333333333333
603,56986.0,0.29411764705882354
604,58327.0,0.0
605,58471.0,0.0
606,59754.0,0.0
607,58678.0,0.0
608,58076.0,0.0
609,56794.0,0.0
610,57503.0,0.0
611,54869.0,0.0
612,54941.0,0.0
613,56003.0,0.0
614,56057.0,0.0
615,58046.0,0.0
616,56895.0,0.0
617,54438.0,0.0
618,56958.0,0.0
619,55817.0,0.0
620,56432.0,0.0
621,60034.0,0.0
622,57447.0,0.0
623,56043.0,0.0
624,59098.0,0.0
625,56869.0,0.0
626,57587.0,0.0
627,54870.0,0.0
628,57872.0,0.0
629,57647.0,0.0
630,58920.0,0.0
631,58741.0,0.0
632,57992.0,0.0
633,58648.0,0.0
634,59520.0,0.0
635,58559.0,0.0
636,57215.0,0.0
637,58653.0,0.0
638,58570.0,0.11764705882352941
639,56581.0,0.0
640,56065.0,0.0
641,55326.0,0.0
642,55564.0,0.0
643,54970.0,0.3125
644,55131.0,0.0
645,55001.0,0.5625
646,57266.0,0.058823529411764705
647,57114.0,0.4375
648,55794.0,0.058823529411764705
649,56701.0,0.0
650,55336.0,0.0
651,55588.0,0.0
652,58610.0,0.0
653,55531.0,0.0
654,57676.0,0.0
655,55431.0,0.0
656,54867.0,0.0
657,55347.0,0.0
658,55470.0,0.0
659,54751.0,0.0
660,54916.0,0.0
661,57842.0,0.0
662,55869.0,0.0
663,55419.0,0.0
664,59585.0,0.0
665,57495.0,0.0
666,56685.0,0.0
667,55651.0,0.0
668,55222.0,0.0
669,56277.0,0.0
670,57118.0,0.0
671,56132.0,0.0
672,57129.0,0.0
673,54702.0,0.0
674,55794.0,0.0
675,54599.0,0.0
676,56324.0,0.0
677,56992.0,0.0
678,58948.0,0.0
679,58738.0,0.0
680,54961.0,0.0
681,57156.0,0.11764705882352941
682,59684.0,0.0
683,55640.0,0.11764705882352941
684,58619.0,0.058823529411764705
685,55348.0,0.058823529411764705
686,54804.0,0.3125
687,54822.0,0.058823529411764705
688,55067.0,0.5625
689,55458.0,0.11764705882352941
690,55472.0,0.29411764705882354
691,56699.0,0.058823529411764705
692,56705.0,0.5625
693,55427.0,0.17647058823529413
694,56227.0,0.058823529411764705
695,55450.0,0.058823529411764705
696,55270.0,0.17647058823529413
697,58146.0,0.058823529411764705
698,56010.0,0.058823529411764705
699,55317.0,0.058823529411764705
700,56162.0,0.6470588235294118
701,57339.0,0.11764705882352941
702,55055.0,0.058823529411764705
703,54567.0,0.058823529411764705
704,55429.0,0.058823529411764705
705,57632.0,0.058823529411764705
706,55586.0,0.058823529411764705
707,57452.0,0.058823529411764705
708,55296.0,0.625
709,55874.0,0.11764705882352941
710,55052.0,0.11764705882352941
711,57614.0,0.29411764705882354
712,56982.0,0.11764705882352941
713,59382.0,0.11764705882352941
714,56934.0,0.1875
715,55354.0,0.11764705882352941
716,57815.0,0.11764705882352941
717,56526.0,0.11764705882352941
718,57232.0,0.3333333333333333
719,57870.0,0.11764705882352941
720,55661.0,0.11764705882352941
721,54847.0,0.1875
722,58870.0,0.1875
723,58355.0,0.11764705882352941
724,55756.0,0.11764705882352941
725,55910.0,0.35294117647058826
726,54524.0,0.17647058823529413
727,55373.0,0.11764705882352941
728,56050.0,0.11764705882352941
729,54825.0,0.11764705882352941
730,53966.0,0.11764705882352941
731,54499.0,0.058823529411764705
732,59221.0,0.23809523809523808
733,54856.0,0.14285714285714285
734,55280.0,0.047619047619047616
735,56145.0,0.047619047619047616
736,54266.0,0.047619047619047616
737,55558.0,0.5652173913043478
738,57115.0,0.047619047619047616
739,54786.0,0.047619047619047616
740,56409.0,0.1
741,54649.0,0.05
742,56294.0,0.05
743,57744.0,0.35
744,57870.0,0.1
745,56154.0,0.3888888888888889
746,54636.0,0.2222222222222222
747,56151.0,0.2222222222222222
748,57544.0,0.16666666666666666
749,55373.0,0.16666666666666666
750,59259.0,0.16666666666666666
751,56968.0,0.16666666666666666
752,57509.0,0.16666666666666666
753,55922.0,0.16666666666666666
754,55041.0,0.16666666666666666
755,56453.0,0.16666666666666666
756,55094.0,0.2222222222222222
757,55250.0,0.16666666666666666
758,56121.0,0.16666666666666666
759,55187.0,0.2222222222222222
760,55616.0,0.16666666666666666
761,56905.0,0.2222222222222222
762,55808.0,0.16666666666666666
763,54990.0,0.2222222222222222
764,57559.0,0.16666666666666666
765,56973.0,0.16666666666666666
766,57754.0,0.16666666666666666
767,57739.0,0.16666666666666666
768,56104.0,0.16666666666666666
769,55843.0,0.16666666666666666
770,56512.0,0.2222222222222222
771,55158.0,0.2222222222222222
772,55145.0,0.2222222222222222
773,56261.0,0.16666666666666666
774,56683.0,0.16666666666666666
775,56594.0,0.16666666666666666
776,54749.0,0.16666666666666666
777,57283.0,0.16666666666666666
778,58379.0,0.16666666666666666
779,55497.0,0.16666666666666666
780,55704.0,0.2222222222222222
781,57205.0,0.2222222222222222
782,56470.0,0.16666666666666666
783,54902.0,0.16666666666666666
784,55372.0,0.2222222222222222
785,56402.0,0.2222222222222222
786,58034.0,0.16666666666666666
787,55694.0,0.16666666666666666
788,54233.0,0.16666666666666666
789,55553.0,0.16666666666666666
790,54094.0,0.3888888888888889
791,54649.0,0.2222222222222222
792,55197.0,0.16666666666666666
793,54861.0,0.2222222222222222
794,56291.0,0.16666666666666666
795,57527.0,0.16666666666666666
796,54138.0,0.2222222222222222
797,56545.0,0.16666666666666666
798,57681.0,0.16666666666666666
799,54798.0,0.16666666666666666
800,56008.0,0.16666666666666666
801,56957.0,0.16666666666666666
802,55975.0,0.2222222222222222
803,56379.0,0.16666666666666666
804,55911.0,0.16666666666666666
805,55483.0,0.16666666666666666
806,55509.0,0.16666666666666666
807,55536.0,1.0
808,59078.0,0.2222222222222222
809,56050.0,0.2222222222222222
810,56023.0,0.2222222222222222
811,54687.0,0.16666666666666666
812,55580.0,0.2222222222222222
813,55922.0,0.16666666666666666
814,55387.0,0.16666666666666666
815,54969.0,0.2222222222222222
816,55422.0,0.16666666666666666
817,57281.0,0.2222222222222222
818,55890.0,0.2222222222222222
819,54886.0,0.16666666666666666
820,54815.0,0.16666666666666666
821,55303.0,0.16666666666666666
822,54008.0,0.2777777777777778
823,54796.0,0.16666666666666666
824,56181.0,0.16666666666666666
825,56069.0,0.16666666666666666
826,56628.0,0.16666666666666666
827,54622.0,0.16666666666666666
828,53844.0,0.2631578947368421
829,55760.0,0.3181818181818182
830,55649.0,0.13043478260869565
831,55577.0,0.13043478260869565
832,54791.0,0.13043478260869565
833,54594.0,0.13043478260869565
834,55843.0,0.08695652173913043
835,55074.0,0.08695652173913043
836,55114.0,0.08695652173913043
837,54367.0,0.08695652173913043
838,56335.0,0.08695652173913043
839,55530.0,0.08695652173913043
840,55876.0,0.08695652173913043
841,55220.0,0.13043478260869565
842,56013.0,0.08695652173913043
843,55148.0,0.08695652173913043
844,57664.0,0.08695652173913043
845,58375.0,0.13043478260869565
846,55072.0,0.13043478260869565
847,55885.0,0.17391304347826086
848,56551.0,0.17391304347826086
849,57094.0,0.08695652173913043
850,56376.0,0.13043478260869565
851,55277.0,0.08695652173913043
852,57437.0,0.3157894736842105
853,56223.0,0.10526315789473684
854,55434.0,0.10526315789473684
855,55697.0,0.21052631578947367
856,55518.0,0.10526315789473684
857,55730.0,0.10526315789473684
858,55941.0,0.10526315789473684
859,55689.0,0.10526315789473684
860,54506.0,0.10526315789473684
861,57512.0,0.10526315789473684
862,56801.0,0.10526315789473684
863,56110.0,0.10526315789473684
864,56179.0,0.05263157894736842
865,54650.0,0.10526315789473684
866,56485.0,0.10526315789473684
867,56951.0,0.10526315789473684
868,55367.0,0.15789473684210525
869,58405.0,0.10526315789473684
870,55705.0,0.15789473684210525
871,55227.0,0.15789473684210525
872,55461.0,0.10526315789473684
873,55135.0,0.10526315789473684
874,55713.0,0.10526315789473684
875,54940.0,0.3181818181818182
876,54575.0,0.13043478260869565
877,55883.0,0.13043478260869565
878,58078.0,0.13043478260869565
879,54944.0,0.13043478260869565
880,54170.0,0.13043478260869565
881,55722.0,0.13043478260869565
882,57622.0,0.13043478260869565
883,55841.0,0.17391304347826086
884,54857.0,0.17391304347826086
885,55429.0,0.13043478260869565
886,55735.0,0.08695652173913043
887,56452.0,0.08695652173913043
888,54792.0,0.08695652173913043
889,55004.0,0.08695652173913043
890,54667.0,0.08695652173913043
891,55064.0,0.08695652173913043
892,55382.0,0.4166666666666667
893,54582.0,0.13043478260869565
894,54312.0,0.13043478260869565
895,55033.0,0.13043478260869565
896,56462.0,0.13043478260869565
897,54767.0,0.13043478260869565
898,54234.0,0.08695652173913043
899,56269.0,0.08695652173913043
900,55323.0,0.13043478260869565
901,54755.0,0.08695652173913043
902,54849.0,0.08695652173913043
903,54859.0,0.17391304347826086
904,55564.0,0.21739130434782608
905,56458.0,0.13043478260869565
906,55810.0,0.21739130434782608
907,57492.0,0.13043478260869565
908,56600.0,0.08695652173913043
909,56915.0,0.13043478260869565
910,57089.0,0.75
911,55913.0,0.35
912,55553.0,0.10526315789473684
913,56264.0,0.10526315789473684
914,55327.0,0.10526315789473684
915,57436.0,0.05263157894736842
916,56661.0,0.05263157894736842
917,54579.0,0.30434782608695654
918,54946.0,0.10526315789473684
919,54303.0,0.15789473684210525
920,56398.0,0.15789473684210525
921,55374.0,0.05263157894736842
922,54447.0,0.10526315789473684
923,54940.0,0.10526315789473684
924,54728.0,0.10526315789473684
925,54922.0,0.05263157894736842
926,60863.0,0.05263157894736842
927,57085.0,0.05263157894736842
928,55353.0,0.10526315789473684
929,54515.0,0.05263157894736842
930,55443.0,0.05263157894736842
931,55231.0,0.10526315789473684
932,57296.0,0.10526315789473684
933,55401.0,0.05263157894736842
934,56012.0,0.15789473684210525
935,54876.0,0.15789473684210525
936,56520.0,0.15789473684210525
937,57045.0,0.05263157894736842
938,54371.0,0.05263157894736842
939,54627.0,0.21052631578947367
940,54592.0,0.15789473684210525
941,55097.0,0.2857142857142857
942,55960.0,0.2
943,56156.0,0.25
944,55324.0,0.21052631578947367
945,55258.0,0.10526315789473684
946,55170.0,0.7
947,55656.0,0.4
948,54987.0,0.6086956521739131
949,55224.0,0.3333333333333333
950,55989.0,0.42857142857142855
951,57601.0,0.9565217391304348
952,57110.0,0.9565217391304348
953,54711.0,0.3125
954,56755.0,0.28125
955,56733.0,0.5
956,56300.0,0.21875
957,55230.0,0.25
958,54854.0,0.41935483870967744
959,51991.0,0.4827586206896552
960,54640.0,0.3103448275862069
961,56086.0,0.26666666666666666
962,57548.0,0.3103448275862069
963,55850.0,0.45714285714285713
964,54939.0,0.5
965,55460.0,0.3870967741935484
966,54697.0,0.3870967741935484
967,54464.0,0.3448275862068966
968,56561.0,0.5185185185185185
969,54461.0,0.27586206896551724
970,56459.0,0.4
971,61299.0,0.3076923076923077
972,57257.0,0.25
973,51024.0,0.18181818181818182
974,56937.0,1.0
975,55944.0,0.18181818181818182
976,57388.0,0.38461538461538464
977,56470.0,0.2727272727272727
978,55152.0,0.2727272727272727
979,55756.0,0.2727272727272727
980,56017.0,0.3333333333333333
981,56135.0,0.5833333333333334
982,56057.0,0.25
983,55813.0,0.25
984,53868.0,0.25
985,56037.0,0.25
986,56497.0,0.25
987,58057.0,0.25
988,57732.0,0.25
989,56107.0,0.25
990,56885.0,0.7647058823529411
991,56454.0,0.6875
992,55223.0,0.6428571428571429
993,57146.0,0.6428571428571429
994,55308.0,0.6428571428571429
995,57186.0,0.6428571428571429
996,56520.0,0.6428571428571429
997,56763.0,0.6428571428571429
998,54789.0,0.5714285714285714
999,56440.0,0.4
1000,60632.0,0.1
1001,56729.0,0.1
1002,56242.0,0.3
1003,57407.0,0.1
1004,56074.0,0.1
1005,56618.0,0.1
1006,56867.0,0.2
1007,57042.0,0.1
1008,56845.0,0.3
1009,58813.0,0.1
1010,56640.0,0.7
1011,57257.0,0.1
1012,58371.0,0.1
1013,68860.0,0.4444444444444444
1014,64289.0,0.38095238095238093
1015,59604.0,0.5
1016,59171.0,0.29411764705882354
1017,55561.0,0.23529411764705882
1018,55906.0,0.29411764705882354
1019,57962.0,0.25
1020,54317.0,1.0
1021,55644.0,0.3125
1022,57840.0,0.3125
1023,56058.0,0.3125
1024,54481.0,0.3125
1025,56898.0,0.4375
1026,56256.0,0.3125
1027,67551.0,0.3125
1028,58051.0,0.3125
1029,57079.0,0.375
1030,55684.0,0.5
1031,56093.0,1.0
1032,54637.0,0.35714285714285715
1033,58632.0,0.4666666666666667
1034,57460.0,0.35714285714285715
1035,58218.0,0.2857142857142857
1036,55420.0,0.35714285714285715
1037,55505.0,0.2857142857142857
1038,56005.0,0.2857142857142857
1039,53276.0,0.7142857142857143
1040,57952.0,0.2857142857142857
1041,57544.0,0.2857142857142857
1042,60163.0,0.2857142857142857
1043,56667.0,0.2857142857142857
1044,58863.0,0.2857142857142857
1045,58343.0,0.6666666666666666
1046,54898.0,0.35714285714285715
1047,55586.0,0.7142857142857143
1048,56755.0,0.35714285714285715
1049,55867.0,0.2857142857142857
1050,54758.0,0.3333333333333333
1051,59408.0,0.5
1052,56263.0,0.2222222222222222
1053,56980.0,0.17857142857142858
1054,98916.0,0.4
1055,67013.0,0.3333333333333333
1056,56254.0,0.3333333333333333
1057,63630.0,0.3333333333333333
1058,63713.0,0.3333333333333333
1059,72072.0,0.3333333333333333
1060,63780.0,0.25
1061,64736.0,0.25
1062,71082.0,0.25
1063,67969.0,0.25
1064,67850.0,0.25
1065,70247.0,0.25
1066,67183.0,1.0
1067,71099.0,0.4
1068,60721.0,0.4
1069,67058.0,0.4
1070,67643.0,0.25
1071,69336.0,1.0
1072,55977.0,0.28
1073,52453.0,0.5357142857142857
1074,54655.0,0.4782608695652174
1075,54256.0,0.5862068965517241
1076,54521.0,0.3181818181818182
1077,54720.0,0.38095238095238093
1078,55689.0,0.3684210526315789
1079,48310.0,0.29411764705882354
1080,54991.0,0.17647058823529413
1081,53744.0,0.23529411764705882
1082,53413.0,0.3157894736842105
1083,55483.0,0.23529411764705882
1084,55679.0,0.16666666666666666
1085,53904.0,0.95
1086,107798.0,1.0
1087,58895.0,0.5
1088,101821.0,1.0
1089,344992.0,1.0
1090,155379.0,1.0
1091,54539.0,0.375
1092,54284.0,0.375
1093,54328.0,0.375
1094,55974.0,0.375
1095,54655.0,0.375
1096,55580.0,0.75
1097,128493.0,0.6666666666666666
1098,107159.0,0.6363636363636364
1099,71885.0,0.9333333333333333
1100,103091.0,0.8
1101,105335.0,0.42857142857142855
1102,104037.0,1.0
1103,108727.0,1.0
1104,106119.0,0.7
1105,103867.0,0.42857142857142855
1106,104971.0,0.8333333333333334
1107,122673.0,0.42857142857142855
1108,102584.0,0.7
1109,141822.0,0.5714285714285714
1110,114227.0,1.0
1111,135522.0,1.0
1112,106670.0,0.7
1113,119431.0,0.9142857142857143
1114,102229.0,1.0
1115,117780.0,1.0
1116,107459.0,0.7142857142857143
1117,106450.0,0.9411764705882353
1118,110340.0,0.6923076923076923
1119,345042.0,0.7272727272727273
1120,183494.0,1.0
1121,180273.0,0.8333333333333334
1122,169727.0,1.0
1123,65818.0,0.4444444444444444
1124,82119.0,0.5
1125,47252.0,0.4166666666666667
1126,63863.0,0.0
1127,63062.0,0.0
1128,62221.0,0.3333333333333333
1129,70476.0,0.3333333333333333
1130,70420.0,0.3333333333333333
1131,66822.0,0.0
1132,69257.0,0.16666666666666666
1133,65746.0,0.0
1134,67348.0,0.16666666666666666
1135,68403.0,0.5
1136,65781.0,0.16666666666666666
1137,62503.0,0.2857142857142857
1138,73698.0,0.0
1139,72364.0,0.0
1140,73299.0,0.0
1141,73219.0,0.0
1142,73075.0,0.2857142857142857
1143,74186.0,0.2857142857142857
1144,72145.0,0.16666666666666666
1145,69421.0,0.16666666666666666
1146,70062.0,0.0
1147,71755.0,0.0
1148,66270.0,0.0
1149,76957.0,0.0
1150,75805.0,0.0
1151,73864.0,0.0
1152,76093.0,0.0
1153,72226.0,0.0
1154,76425.0,0.0
1155,72344.0,0.0
1156,64529.0,0.16666666666666666
1157,72218.0,0.16666666666666666
1158,62458.0,0.5454545454545454
1159,65706.0,0.6363636363636364
1160,73460.0,0.0
1161,64214.0,0.0
1162,78105.0,0.0
1163,74564.0,0.0
1164,74431.0,0.0
1165,68820.0,0.0
1166,72340.0,0.16666666666666666
1167,72877.0,0.0
1168,63566.0,0.0
1169,73943.0,0.0
1170,66767.0,0.6
1171,73296.0,0.6363636363636364
1172,72748.0,0.375
1173,70258.0,1.0
1174,65224.0,0.3333333333333333
1175,63487.0,0.8181818181818182
1176,63573.0,0.0
1177,62610.0,0.0
1178,62728.0,0.0
1179,63898.0,0.16666666666666666
1180,62814.0,0.375
1181,67902.0,0.0
1182,71420.0,0.0
1183,75400.0,0.0
1184,70591.0,0.0
1185,68617.0,0.0
1186,74306.0,0.0
1187,72456.0,0.0
1188,73975.0,0.0
1189,73989.0,0.0
1190,69899.0,0.0
1191,73459.0,0.0
1192,77007.0,0.0
1193,73050.0,0.0
1194,70570.0,0.0
1195,73690.0,0.0
1196,63083.0,0.0
1197,69972.0,0.0
1198,73583.0,0.0
1199,64464.0,0.0
1200,73023.0,0.0
1201,73290.0,0.0
1202,73304.0,0.0
1203,83446.0,0.0
1204,67038.0,0.0
1205,69578.0,0.0
1206,71097.0,0.6
1207,71854.0,1.0
1208,73574.0,0.0
1209,67979.0,0.16666666666666666
1210,73134.0,0.0
1211,74832.0,0.0
1212,61541.0,1.0
1213,70137.0,1.0
1214,69925.0,0.16666666666666666
1215,74888.0,1.0
1216,72901.0,0.2857142857142857
1217,64971.0,0.0
1218,73871.0,0.0
1219,75090.0,0.0
1220,74562.0,0.0
1221,73033.0,0.375
1222,77773.0,0.2857142857142857
1223,74064.0,0.42857142857142855
1224,61478.0,0.5555555555555556
1225,64072.0,0.14285714285714285
1226,73615.0,0.14285714285714285
1227,73594.0,0.14285714285714285
1228,72163.0,0.14285714285714285
1229,72035.0,0.14285714285714285
1230,77736.0,0.14285714285714285
1231,76761.0,0.14285714285714285
1232,73280.0,0.14285714285714285
1233,73213.0,0.14285714285714285
1234,73403.0,0.14285714285714285
1235,74560.0,0.14285714285714285
1236,73593.0,0.14285714285714285
1237,64626.0,0.14285714285714285
1238,68935.0,0.14285714285714285
1239,75620.0,0.14285714285714285
1240,69945.0,0.14285714285714285
1241,67669.0,0.14285714285714285
1242,74953.0,0.14285714285714285
1243,68269.0,0.14285714285714285
1244,98518.0,0.375
1245,57672.0,0.375
1246,63636.0,0.2857142857142857
1247,65838.0,0.375
1248,49434.0,0.2857142857142857
1249,62766.0,0.16666666666666666
1250,67313.0,0.16666666666666666
1251,62199.0,0.16666666666666666
1252,67465.0,0.2857142857142857
1253,62396.0,0.16666666666666666
1254,64675.0,0.16666666666666666
1255,60284.0,0.16666666666666666
1256,74612.0,0.16666666666666666
1257,73766.0,0.16666666666666666
1258,74503.0,0.4444444444444444
1259,73972.0,0.375
1260,63430.0,1.0
1261,71030.0,0.5555555555555556
1262,74044.0,0.375
1263,65426.0,0.2857142857142857
1264,73454.0,1.0
1265,75418.0,1.0
1266,75507.0,0.8571428571428571
1267,71455.0,1.0
1268,74619.0,1.0
1269,64094.0,1.0
1270,62697.0,0.5714285714285714
1271,63135.0,0.5714285714285714
1272,61787.0,1.0
1273,38987.0,0.7307692307692307
1274,117682.0,0.6
1275,100383.0,0.6
1276,99670.0,0.7222222222222222
1277,107799.0,0.6
1278,103886.0,0.6
1279,91247.0,0.65
1280,105842.0,0.6666666666666666
1281,110763.0,0.5333333333333333
1282,106119.0,0.5333333333333333
1283,108785.0,0.5333333333333333
1284,105447.0,0.5882352941176471
1285,109576.0,0.7058823529411765
1286,107336.0,0.7058823529411765
1287,108964.0,0.5333333333333333
1288,107015.0,0.5333333333333333
1289,101461.0,0.7333333333333333
1290,102905.0,0.5333333333333333
1291,103962.0,0.6875
1292,111163.0,0.6875
1293,105370.0,0.6
1294,104997.0,0.5333333333333333
1295,104035.0,0.5333333333333333
1296,104558.0,0.6666666666666666
1297,100020.0,0.6875
1298,104382.0,0.6875
1299,105994.0,0.6
1300,104445.0,0.5333333333333333
1301,102116.0,0.7333333333333333
1302,101495.0,0.5333333333333333
1303,103465.0,0.5333333333333333
1304,55760.0,0.5625
1305,102374.0,0.75
1306,107064.0,1.0
1307,76002.0,0.5333333333333333
1308,104124.0,0.8125
1309,104782.0,0.5333333333333333
1310,100698.0,0.6470588235294118
1311,100580.0,0.5882352941176471
1312,69823.0,0.7058823529411765
1313,99663.0,0.6470588235294118
1314,99793.0,0.5625
1315,102548.0,0.5333333333333333
1316,69458.0,0.9444444444444444
1317,99309.0,0.5833333333333334
1318,101922.0,0.6470588235294118
1319,104723.0,0.75
1320,104208.0,0.631578947368421
1321,104528.0,0.5333333333333333
1322,105713.0,0.5333333333333333
1323,101399.0,0.5333333333333333
1324,104515.0,0.5333333333333333
1325,103172.0,0.5333333333333333
1326,105012.0,0.5333333333333333
1327,104695.0,0.5333333333333333
1328,103135.0,0.5333333333333333
1329,104804.0,0.5333333333333333
1330,103439.0,0.6875
1331,104306.0,0.5333333333333333
1332,102897.0,0.75
1333,100712.0,0.6666666666666666
1334,104529.0,0.5333333333333333
1335,104564.0,0.625
1336,100557.0,0.7058823529411765
1337,105943.0,0.75
1338,108340.0,0.5333333333333333
1339,105522.0,0.5333333333333333
1340,102071.0,0.7894736842105263
1341,86130.0,0.6666666666666666
1342,102207.0,0.6842105263157895
1343,104676.0,0.7647058823529411
1344,103462.0,0.7647058823529411
1345,103064.0,0.7058823529411765
1346,103676.0,0.6
1347,102245.0,0.6
1348,102597.0,0.7619047619047619
1349,105094.0,0.75
1350,96128.0,0.7777777777777778
1351,101976.0,0.7333333333333333
1352,101865.0,0.6
1353,102039.0,0.7777777777777778
1354,102730.0,0.8
1355,46318.0,0.631578947368421
1356,106802.0,0.6842105263157895
1357,101864.0,0.5333333333333333
1358,103574.0,0.7368421052631579
1359,103913.0,0.631578947368421
1360,103276.0,0.631578947368421
1361,101177.0,0.6875
1362,106431.0,0.9047619047619048
1363,103341.0,0.6875
1364,105072.0,0.6
1365,101061.0,0.6
1366,106758.0,0.9
1367,101633.0,0.7777777777777778
1368,110544.0,0.6
1369,100542.0,0.75
1370,103636.0,0.6
1371,103158.0,0.6
1372,80217.0,0.6
1373,78276.0,0.5294117647058824
1374,102668.0,0.5294117647058824
1375,40050.0,0.6
1376,104466.0,0.5625
1377,103747.0,1.0
1378,111786.0,0.7333333333333333
1379,104512.0,0.6
1380,103420.0,0.7333333333333333
1381,100840.0,0.6666666666666666
1382,104023.0,0.6
1383,102254.0,0.5625
1384,82861.0,0.5625
1385,102480.0,0.5625
1386,105210.0,0.5625
1387,104292.0,0.5625
1388,105916.0,0.7368421052631579
1389,104668.0,0.5625
1390,98533.0,0.2857142857142857
1391,82638.0,0.2
1392,60167.0,0.0
1393,71961.0,0.0
1394,56779.0,0.2
1395,70188.0,0.2
1396,71778.0,0.2
1397,75042.0,0.0
1398,69358.0,0.0
1399,74250.0,0.0
1400,70581.0,0.0
1401,69132.0,0.0
1402,82203.0,0.0
1403,67487.0,0.0
1404,74446.0,0.0
1405,68754.0,0.0
1406,67813.0,0.0
1407,94872.0,0.0
1408,58485.0,0.7777777777777778
1409,72837.0,0.0
1410,72761.0,0.0
1411,69753.0,0.5555555555555556
1412,74257.0,0.2
1413,73500.0,0.0
1414,78711.0,0.0
1415,71637.0,0.0
1416,73950.0,0.0
1417,74634.0,0.0
1418,75923.0,0.0
1419,72232.0,0.0
1420,116216.0,0.42857142857142855
1421,127168.0,0.42857142857142855
1422,103127.0,0.42857142857142855
1423,102494.0,0.42857142857142855
1424,74784.0,0.42857142857142855
1425,102403.0,0.42857142857142855
1426,101898.0,0.42857142857142855
1427,105952.0,0.42857142857142855
1428,106221.0,0.42857142857142855
1429,101543.0,0.42857142857142855
1430,101081.0,0.42857142857142855
1431,104987.0,0.42857142857142855
1432,102596.0,0.42857142857142855
1433,103810.0,0.42857142857142855
1434,105606.0,0.42857142857142855
1435,103016.0,0.42857142857142855
1436,104756.0,0.42857142857142855
1437,105987.0,0.42857142857142855
1438,103061.0,0.42857142857142855
1439,102343.0,0.42857142857142855
1440,104393.0,0.7142857142857143
1441,107313.0,0.625
1442,101339.0,0.42857142857142855
1443,104825.0,0.42857142857142855
1444,184483.0,1.0
1445,127310.0,0.75
1446,89036.0,0.6666666666666666
1447,74889.0,0.6666666666666666
1448,106366.0,0.0
1449,145967.0,0.0
1450,111556.0,0.0
1451,107387.0,0.0
1452,129589.0,0.0
1453,109506.0,0.0
1454,152376.0,0.0
1455,124293.0,0.0
1456,107268.0,0.0
1457,108430.0,0.0
1458,106490.0,0.0
1459,150986.0,0.0
1460,107793.0,0.0
1461,110101.0,0.0
1462,108370.0,0.0
1463,117758.0,0.0
1464,110236.0,1.0
1465,160747.0,0.0
1466,110715.0,1.0
1467,142948.0,0.0
1468,209403.0,0.0
1469,253964.0,0.0
1470,133127.0,0.0
1471,137280.0,0.0
1472,130785.0,1.0
1473,111052.0,1.0
1474,118022.0,0.0
1475,120955.0,0.0
1476,105295.0,0.0
1477,106895.0,0.0
1478,105726.0,0.0
1479,193463.0,0.0
1480,107021.0,0.0
1481,110982.0,0.0
1482,109330.0,0.0
1483,106757.0,0.0
1484,110524.0,0.0
1485,111017.0,0.0
1486,129088.0,0.0
1487,108611.0,0.0
1488,108710.0,0.0
1489,107516.0,1.0
1490,111773.0,1.0
1491,115220.0,1.0
1492,108096.0,1.0
1493,124666.0,1.0
1494,105329.0,1.0
1495,105850.0,1.0
1496,109448.0,1.0
1497,147242.0,1.0
1498,128500.0,1.0
1499,108164.0,0.0
1500,84936.0,0.3
1501,82883.0,0.14285714285714285
1502,60266.0,0.14285714285714285
1503,76502.0,0.2222222222222222
1504,73595.0,0.14285714285714285
1505,77593.0,0.3333333333333333
1506,60673.0,0.25
1507,76455.0,0.25
1508,74725.0,0.3333333333333333
1509,57613.0,0.4375
1510,55860.0,0.07142857142857142
1511,57517.0,0.07142857142857142
1512,57261.0,0.07142857142857142
1513,55237.0,0.4444444444444444
1514,53786.0,0.058823529411764705
1515,57905.0,0.058823529411764705
1516,59444.0,0.5714285714285714
1517,58866.0,0.6111111111111112
1518,55431.0,0.1111111111111111
1519,58653.0,0.0
1520,58284.0,0.2727272727272727
1521,58075.0,0.0
1522,63421.0,0.35714285714285715
1523,60662.0,0.0
1524,60671.0,0.0
1525,58743.0,0.4166666666666667
1526,59755.0,0.0
1527,57125.0,0.5384615384615384
1528,56724.0,0.07692307692307693
1529,55237.0,0.125
1530,55844.0,0.3333333333333333
1531,61646.0,0.17391304347826086
1532,57381.0,1.0
1533,57035.0,0.3
1534,56391.0,1.0
1535,55516.0,0.29411764705882354
1536,60488.0,0.75
1537,59344.0,0.5833333333333334
1538,55118.0,1.0
1539,60660.0,1.0
1540,56481.0,0.3333333333333333
1541,60170.0,0.0
1542,59550.0,0.1111111111111111
1543,67805.0,0.0
1544,62873.0,0.14285714285714285
1545,22836.0,0.21428571428571427
1546,18575.0,0.5652173913043478
1547,70271.0,0.2777777777777778
1548,80936.0,0.3888888888888889
1549,57628.0,0.26666666666666666
1550,77857.0,0.26666666666666666
1551,594154.0,0.35294117647058826
1552,660800.0,0.3333333333333333
1553,96512.0,0.26666666666666666
1554,568769.0,0.35714285714285715
1555,97915.0,0.9333333333333333
1556,58163.0,0.8571428571428571
1557,78058.0,0.8571428571428571
1558,76546.0,0.8571428571428571
1559,59479.0,0.8571428571428571
1560,72657.0,0.8333333333333334
1561,72168.0,0.8333333333333334
1562,73068.0,0.8333333333333334
1563,96651.0,0.4
1564,58317.0,0.4
1565,76498.0,0.4
1566,71122.0,0.24242424242424243
1567,2952.0,0.2727272727272727
1568,55074.0,0.5526315789473685
1569,585825.0,0.6
1570,71827.0,0.28125
1571,71426.0,0.23333333333333334
1572,70784.0,0.20689655172413793
1573,2459.0,0.4
1574,70920.0,0.4166666666666667
1575,70029.0,0.23333333333333334
1576,70708.0,0.23333333333333334
1577,72485.0,0.20689655172413793
1578,71557.0,0.23333333333333334
1579,72720.0,0.26666666666666666
1580,71511.0,0.37142857142857144
1581,70661.0,0.38235294117647056
1582,69238.0,0.4
1583,72907.0,0.5714285714285714
1584,73361.0,0.5121951219512195
1585,70022.0,0.5609756097560976
1586,71562.0,0.4117647058823529
1587,71767.0,0.4444444444444444
1588,71708.0,0.4411764705882353
1589,70947.0,0.5
1590,71318.0,0.4864864864864865
1591,72551.0,0.5135135135135135
1592,70794.0,0.4722222222222222
1593,70751.0,0.4594594594594595
1594,71008.0,0.6097560975609756
1595,70130.0,0.3888888888888889
1596,71054.0,0.4166666666666667
1597,71862.0,0.42857142857142855
1598,72444.0,0.3888888888888889
1599,71522.0,0.42105263157894735
1600,72753.0,0.42105263157894735
1601,70954.0,0.5686274509803921
1602,70987.0,0.8837209302325582
1603,71852.0,0.3333333333333333
1604,71939.0,0.3333333333333333
1605,70801.0,0.35294117647058826
1606,70761.0,0.5416666666666666
1607,71904.0,0.6862745098039216
1608,71348.0,0.3333333333333333
1609,70416.0,0.35294117647058826
1610,72239.0,0.5833333333333334
1611,71335.0,0.4444444444444444
1612,42807.0,0.35294117647058826
1613,73725.0,0.3939393939393939
1614,72107.0,0.3333333333333333
1615,71853.0,0.40540540540540543
1616,70847.0,0.4473684210526316
1617,71291.0,0.37142857142857144
1618,72070.0,0.6222222222222222
1619,70361.0,0.37142857142857144
1620,72860.0,0.37142857142857144
1621,71374.0,0.48717948717948717
1622,72778.0,0.37142857142857144
1623,71622.0,0.40540540540540543
1624,73336.0,0.40540540540540543
1625,71631.0,0.5769230769230769
1626,72555.0,0.5833333333333334
1627,71659.0,0.4444444444444444
1628,72923.0,0.4473684210526316
1629,75554.0,0.23076923076923078
1630,81189.0,0.25
1631,86314.0,0.25
1632,92666.0,0.25
1633,87870.0,0.25
1634,88652.0,0.25
1635,88194.0,0.25
1636,87358.0,0.5
1637,87459.0,0.25
1638,88913.0,0.25
1639,76492.0,0.25
1640,73215.0,0.25
1641,73225.0,0.25
1642,79532.0,0.25
1643,72894.0,0.25
1644,70876.0,0.23076923076923078
1645,67829.0,0.25
1646,38833.0,0.25
1647,72297.0,0.25
1648,76549.0,0.25
1649,75307.0,0.25
1650,76163.0,0.25
1651,71824.0,0.25
1652,70923.0,0.25
1653,57175.0,0.5
1654,58011.0,0.25
1655,75298.0,0.25
1656,74829.0,0.25
1657,73885.0,0.25
1658,77054.0,0.25
1659,76109.0,0.3076923076923077
1660,74707.0,0.3076923076923077
1661,70578.0,0.3076923076923077
1662,73319.0,0.18181818181818182
1663,72055.0,0.3076923076923077
1664,69589.0,0.3076923076923077
1665,69949.0,0.3076923076923077
1666,69908.0,0.3076923076923077
1667,71073.0,0.18181818181818182
1668,69997.0,0.6153846153846154
1669,79729.0,1.0
1670,79329.0,0.625
1671,78710.0,0.625
1672,74586.0,0.625
1673,77497.0,0.36363636363636365
1674,76972.0,0.26666666666666666
1675,72623.0,0.26666666666666666
1676,73444.0,0.26666666666666666
1677,72778.0,0.4375
1678,76438.0,0.3333333333333333
1679,72394.0,0.3333333333333333
1680,72883.0,0.26666666666666666
1681,71926.0,0.5384615384615384
1682,77330.0,1.0
1683,73944.0,0.5
1684,73568.0,0.7777777777777778
1685,77421.0,0.625
1686,76582.0,0.9
1687,76994.0,0.5555555555555556
1688,78698.0,0.8333333333333334
1689,73157.0,0.6666666666666666
1690,76595.0,0.3076923076923077
1691,60990.0,0.23076923076923078
1692,75571.0,0.25
1693,74790.0,0.25
1694,22795.0,0.25
1695,56307.0,0.3333333333333333
1696,73217.0,0.7692307692307693
1697,60515.0,0.25
1698,71334.0,0.25
1699,72549.0,0.25
1700,162656.0,0.125
1701,88283.0,0.4166666666666667
1702,55873.0,0.1111111111111111
1703,75331.0,0.75
1704,71786.0,0.5
1705,73421.0,0.5
1706,76917.0,0.5454545454545454
1707,71155.0,0.7
1708,55580.0,0.6363636363636364
1709,81442.0,0.6666666666666666
1710,71270.0,0.5454545454545454
1711,58218.0,0.5
1712,77728.0,0.6666666666666666
1713,55867.0,1.0
1714,623159.0,1.0
1715,629884.0,1.0
1716,618684.0,1.0
1717,640479.0,1.0
1718,647816.0,1.0
1719,629629.0,1.0
1720,632303.0,1.0
1721,643262.0,1.0
1722,626355.0,1.0
1723,606320.0,1.0
1724,610547.0,1.0
1725,82681.0,0.7777777777777778
1726,60610.0,0.7777777777777778
1727,74333.0,0.7272727272727273
1728,74450.0,0.9411764705882353
1729,74634.0,0.9166666666666666
1730,79495.0,0.5833333333333334
1731,55935.0,0.6153846153846154
1732,75713.0,0.6153846153846154
1733,72239.0,0.8823529411764706
1734,80976.0,1.0
1735,58264.0,0.9333333333333333
1736,67116.0,1.0
1737,5023.0,0.8297872340425532
1738,573624.0,0.4
1739,16543.0,0.375
1740,584025.0,0.2222222222222222
1741,563338.0,0.75
1742,582012.0,0.41935483870967744
1743,572364.0,0.9761904761904762
1744,569947.0,0.375
1745,572906.0,0.4
1746,552023.0,0.3448275862068966
1747,25531.0,0.3333333333333333
1748,593029.0,0.25
1749,607655.0,0.29411764705882354
1750,613588.0,0.29411764705882354
1751,328969.0,0.88
1752,576489.0,0.42857142857142855
1753,584007.0,0.75
1754,579153.0,0.4782608695652174
1755,584964.0,0.25
1756,585120.0,0.25
1757,609934.0,0.3333333333333333
1758,725577.0,0.1111111111111111
1759,625228.0,0.1111111111111111
1760,610386.0,0.1111111111111111
1761,608354.0,0.125
1762,621773.0,0.125
1763,588011.0,0.125
1764,629582.0,0.125
1765,289074.0,0.4666666666666667
1766,569702.0,1.0
1767,585975.0,0.3333333333333333
1768,543168.0,0.5882352941176471
1769,574320.0,0.2
1770,575512.0,0.2727272727272727
1771,582875.0,0.6
1772,553231.0,0.46153846153846156
1773,600109.0,0.38461538461538464
1774,596604.0,0.5714285714285714
1775,616688.0,0.125
1776,572128.0,0.125
1777,594957.0,0.4166666666666667
1778,596250.0,0.3
1779,582226.0,0.36363636363636365
1780,553403.0,0.2222222222222222
1781,574926.0,0.46153846153846156
1782,571872.0,0.2222222222222222
1783,561130.0,0.3
1784,557342.0,0.5
1785,577725.0,0.38461538461538464
1786,556129.0,0.36363636363636365
1787,560295.0,0.38461538461538464
1788,147691.0,0.4782608695652174
1789,588797.0,0.35294117647058826
1790,56198.0,0.5
1791,90944.0,0.5625
1792,73488.0,0.46153846153846156
1793,601046.0,0.5
1794,589226.0,0.4838709677419355
1795,612686.0,0.36363636363636365
1796,598791.0,1.0
1797,604097.0,0.30434782608695654
1798,611787.0,0.3157894736842105
1799,595637.0,0.8235294117647058
1800,11871.0,0.5714285714285714
1801,80491.0,0.8378378378378378
1802,602849.0,0.5454545454545454
1803,613900.0,0.4444444444444444
1804,596931.0,0.25
1805,621759.0,0.25
1806,614656.0,0.25
1807,614256.0,0.25
1808,603675.0,0.25
1809,64070.0,0.2222222222222222
1810,57216.0,0.125
1811,57801.0,0.14285714285714285
1812,64061.0,0.14285714285714285
1813,59006.0,0.14285714285714285
1814,61630.0,0.14285714285714285
1815,59704.0,0.14285714285714285
1816,60135.0,0.14285714285714285
1817,59287.0,0.14285714285714285
1818,57835.0,0.14285714285714285
1819,56478.0,0.14285714285714285
1820,59048.0,0.14285714285714285
1821,59566.0,0.14285714285714285
1822,59181.0,0.14285714285714285
1823,59793.0,0.14285714285714285
1824,56245.0,0.14285714285714285
1825,57405.0,0.14285714285714285
1826,60543.0,0.14285714285714285
1827,59430.0,0.14285714285714285
1828,59414.0,0.14285714285714285
1829,60834.0,0.25
1830,61081.0,0.25
1831,61920.0,0.14285714285714285
1832,58421.0,0.14285714285714285
1833,57081.0,0.14285714285714285
1834,60147.0,0.14285714285714285
1835,668665.0,0.8333333333333334
1836,23889.0,0.38095238095238093
1837,460341.0,0.5
1838,609832.0,0.36363636363636365
1839,121311.0,0.4
1840,560772.0,0.625
1841,564456.0,0.5
1842,138469.0,1.0
1843,572425.0,0.4864864864864865
1844,623463.0,0.2857142857142857
1845,586876.0,0.375
1846,618375.0,0.0
1847,649270.0,0.0
1848,617987.0,1.0
1849,579098.0,0.6363636363636364
1850,607708.0,1.0
1851,604235.0,0.2857142857142857
1852,601580.0,1.0
1853,590740.0,0.5625
1854,575013.0,0.4666666666666667
1855,598832.0,0.5
1856,599868.0,0.4
1857,596135.0,0.3888888888888889
1858,71083.0,0.5
1859,590599.0,0.4
1860,577506.0,0.38461538461538464
1861,611583.0,0.4
1862,609263.0,0.4
1863,633943.0,1.0
1864,59472.0,0.42857142857142855
1865,293464.0,0.6428571428571429
1866,593845.0,0.9629629629629629
1867,60422.0,0.42857142857142855
1868,58383.0,1.0
1869,241239.0,0.3333333333333333
1870,591171.0,0.2222222222222222
1871,597047.0,0.3333333333333333
1872,108582.0,0.7857142857142857
1873,591670.0,1.0
1874,89523.0,0.4166666666666667
1875,324458.0,0.38461538461538464
1876,573835.0,0.6428571428571429
1877,538383.0,0.36363636363636365
1878,551101.0,0.5454545454545454
1879,97029.0,0.9333333333333333
1880,579019.0,0.9333333333333333
1881,152376.0,0.0
1882,152734.0,0.0
1883,152608.0,0.0
1884,58129.0,0.14285714285714285
1885,60723.0,0.14285714285714285
1886,60745.0,0.6666666666666666
1887,158287.0,1.0
1888,153893.0,0.0
1889,59803.0,0.3
1890,61905.0,0.75
1891,60184.0,0.25
1892,61279.0,0.4
1893,58727.0,0.125
1894,551963.0,0.6666666666666666
1895,562651.0,0.8461538461538461
1896,582264.0,0.6153846153846154
1897,695419.0,1.0
1898,715169.0,1.0
1899,860832.0,1.0
1900,715030.0,1.0
1901,570229.0,0.3333333333333333
1902,728997.0,1.0
1903,578420.0,0.46153846153846156
1904,60914.0,0.2
1905,571988.0,0.4166666666666667
1906,572348.0,0.36363636363636365
1907,609667.0,0.8
1908,71617.0,0.5
1909,603207.0,0.75
1910,613325.0,1.0
1911,638317.0,1.0
1912,465422.0,0.7272727272727273
1913,59057.0,0.25
1914,585388.0,0.5
1915,574220.0,0.5454545454545454
1916,174825.0,0.5454545454545454
1917,587727.0,0.6153846153846154
1918,63683.0,1.0
1919,60308.0,0.0
1920,66251.0,1.0
1921,64387.0,1.0
1922,593688.0,1.0
1923,60324.0,0.0
1924,62265.0,0.2
1925,64234.0,1.0
1926,692692.0,1.0
1927,75261.0,0.7142857142857143
1928,67321.0,0.0
1929,62898.0,0.5
1930,728413.0,1.0
1931,60027.0,0.0
1932,62162.0,0.5
1933,61682.0,0.4
1934,657202.0,1.0
1935,66368.0,0.0
1936,606112.0,0.0
1937,617579.0,0.0
1938,582887.0,0.0
1939,137813.0,1.0
1940,168640.0,1.0
